-- phpMyAdmin SQL Dump
-- version 4.0.10.14
-- http://www.phpmyadmin.net
--
-- Servidor: localhost:3306
-- Tiempo de generación: 13-06-2017 a las 15:57:28
-- Versión del servidor: 5.5.54-38.6-log
-- Versión de PHP: 5.4.31

SET SQL_MODE = "NO_AUTO_VALUE_ON_ZERO";
SET time_zone = "+00:00";


/*!40101 SET @OLD_CHARACTER_SET_CLIENT=@@CHARACTER_SET_CLIENT */;
/*!40101 SET @OLD_CHARACTER_SET_RESULTS=@@CHARACTER_SET_RESULTS */;
/*!40101 SET @OLD_COLLATION_CONNECTION=@@COLLATION_CONNECTION */;
/*!40101 SET NAMES utf8 */;

--
-- Base de datos: `examenes_db`
--

-- --------------------------------------------------------

--
-- Estructura de tabla para la tabla `images`
--

CREATE TABLE IF NOT EXISTS `images` (
  `id` int(10) unsigned NOT NULL AUTO_INCREMENT,
  `route` varchar(255) COLLATE utf8_unicode_ci NOT NULL,
  `alt` varchar(255) COLLATE utf8_unicode_ci NOT NULL,
  `post_id` int(10) unsigned NOT NULL,
  `created_at` timestamp NOT NULL DEFAULT '0000-00-00 00:00:00',
  `updated_at` timestamp NOT NULL DEFAULT '0000-00-00 00:00:00',
  PRIMARY KEY (`id`),
  KEY `images_post_id_foreign` (`post_id`)
) ENGINE=InnoDB  DEFAULT CHARSET=utf8 COLLATE=utf8_unicode_ci AUTO_INCREMENT=111 ;

--
-- Volcado de datos para la tabla `images`
--

INSERT INTO `images` (`id`, `route`, `alt`, `post_id`, `created_at`, `updated_at`) VALUES
(1, 'tomografo-oct.jpg', 'Tomógrafo OCT', 1, '2017-01-10 10:22:36', '2017-01-10 10:22:36'),
(2, 'tomografia-oct-nervio-optico.jpg', 'Tomografía OCT, Nervio óptico', 1, '2017-01-10 10:22:36', '2017-01-10 10:22:36'),
(3, 'tomografia-oct-control-glaucoma.jpg', 'Tomografía OCT, control glaucoma', 1, '2017-01-10 10:22:36', '2017-01-10 10:22:36'),
(4, 'tomografia-optica-coherente-en-glaucoma.jpg', 'Tomografía Óptica Coherente en glaucoma', 2, '2017-01-10 10:23:39', '2017-01-10 10:23:39'),
(5, 'oct-en-neuritis-optica.jpg', 'Tomografía Óptica Coherente para seguimiento en glaucoma', 2, '2017-01-10 10:23:39', '2017-01-10 10:23:39'),
(6, 'tomografia-optica-coherente-para-seguimiento-en-neuritis-optica-2.jpg', 'Tomografía Óptica Coherente para seguimiento en glaucoma', 2, '2017-01-10 10:23:39', '2017-01-10 10:23:39'),
(7, 'oct-mostrando-el-analisis-del-angulo.jpg', 'OCT mostrando el análisis del ángulo  ', 3, '2017-01-10 10:24:50', '2017-01-10 10:24:50'),
(8, 'oct-mostrando-los-detalles-del-angulo.jpg', 'OCT mostrando los detalles del ángulo ', 3, '2017-01-10 10:24:50', '2017-01-10 10:24:50'),
(9, 'oct-en-neuritis-optica.jpg', 'OCT en neuritis óptica', 4, '2017-01-10 10:25:56', '2017-01-10 10:25:56'),
(10, 'tomografia-optica-coherente-para-seguimiento-en-neuritis-optica-2.jpg', 'Tomografía Óptica Coherente para seguimiento en neuritis óptica', 4, '2017-01-10 10:25:56', '2017-01-10 10:25:56'),
(11, 'tomografia-optica-coherente-para-seguimiento-en-glaucoma-2.jpg', 'Tomografía Óptica Coherente para seguimiento en neuritis óptica', 4, '2017-01-10 10:25:56', '2017-01-10 10:25:56'),
(12, 'oct-en-nervio-optico-normal.jpg', 'OCT en nervio óptico normal', 5, '2017-01-10 10:27:15', '2017-01-10 10:27:15'),
(13, 'tomografia-optica-coherente-mostrando-drusen-de-nervio-optico.jpg', 'Tomografía Óptica Coherente mostrando drusen de nervio óptico', 5, '2017-01-10 10:27:15', '2017-01-10 10:27:15'),
(14, 'oct-en-retinopatia-diabetica.jpg', 'OCT en retinopatía diabética', 6, '2017-01-10 10:28:11', '2017-01-10 10:28:11'),
(15, 'tomografia-optica-coherente-en-retinopatia-diabetica.jpg', 'Tomografía Óptica Coherente en retinopatía diabética', 6, '2017-01-10 10:28:11', '2017-01-10 10:28:11'),
(16, 'tomografia-optica-coherente-mostrando-edema-macular-por-diabetes.jpg', 'Tomografía Óptica Coherente mostrando edema macular por diabetes', 7, '2017-01-10 10:29:15', '2017-01-10 10:29:15'),
(17, 'tomografia-optica-coherente-mostrando-edema-macular-por-diabetes-2.jpg', 'Tomografía Óptica Coherente mostrando edema macular por diabetes', 7, '2017-01-10 10:29:15', '2017-01-10 10:29:15'),
(18, 'tomografo-usado-para-la-evaluacion-de-la-macula-en-el-paciente-con-diabetes.jpg', 'Tomógrafo usado para la evaluación de la mácula en el paciente con diabetes', 7, '2017-01-10 10:29:15', '2017-01-10 10:29:15'),
(19, 'oct-mostrando-drusas.jpg', 'OCT mostrando drusas', 8, '2017-01-10 10:30:31', '2017-01-10 10:30:31'),
(20, 'oct-mostrando-drusas2.jpg', 'OCT mostrando drusas', 8, '2017-01-10 10:30:31', '2017-01-10 10:30:31'),
(27, 'tomografo-usado-para-la-evaluacion-de-la-macula-en-el-paciente-con-diabetes.jpg', 'Tomógrafo usado en la evaluación de la mácula en pacientes con degeneración macular', 8, '2017-01-10 10:37:06', '2017-01-10 10:35:30'),
(28, 'oct-mostrando-membrana-neovascular.jpg', 'OCT mostrando membrana neovascular', 9, '2017-01-10 10:39:29', '2017-01-10 10:39:29'),
(29, 'oct-mostrando-membrana-neovascular2.jpg', 'OCT mostrando membrana neovascular', 9, '2017-01-10 10:39:29', '2017-01-10 10:39:29'),
(30, 'tomografo-usado-para-la-evaluacion-de-la-macula-en-el-paciente-con-diabetes.jpg', 'Tomógrafo usado en la evaluación de la mácula en pacientes con degeneración macular', 9, '2017-01-10 10:39:29', '2017-01-10 10:39:29'),
(31, 'tomografia-optica-coherente-mostrando-agujero-macular.jpg', 'Tomografía Óptica Coherente mostrando agujero macular', 10, '2017-01-10 10:40:58', '2017-01-10 10:40:58'),
(32, 'tomografia-optica-coherente-mostrando-agujero-macular-2.jpg', 'Tomografía Óptica Coherente mostrando agujero macular', 10, '2017-01-10 10:40:58', '2017-01-10 10:40:58'),
(33, 'tomografo-usado-para-la-evaluacion-de-la-macula-en-el-paciente-con-diabetes.jpg', 'Tomógrafo usado en la evaluación de la mácula en pacientes con agujero macular', 10, '2017-01-10 10:40:58', '2017-01-10 10:40:58'),
(34, 'tomografia-optica-coherente-mostrando-membrana-epirretiniana.jpg', 'Tomografía Óptica Coherente mostrando membrana epirretiniana', 11, '2017-01-10 10:42:03', '2017-01-10 10:42:03'),
(35, 'tomografia-optica-coherente-mostrando-membrana-epirretiniana-2.jpg', 'Tomografía Óptica Coherente mostrando membrana epirretiniana', 11, '2017-01-10 10:42:03', '2017-01-10 10:42:03'),
(36, 'tomografo-usado-para-la-evaluacion-de-la-macula-en-el-paciente-con-diabetes.jpg', 'Tomógrafo usado en la evaluación de la mácula en pacientes con membrana epirretiniana', 11, '2017-01-10 10:42:03', '2017-01-10 10:42:03'),
(37, 'tomografia-optica-coherente-mostrando-edema-en-retinopatia-central-serosa.jpg', 'Tomografía Óptica Coherente mostrando edema en retinopatía central serosa', 12, '2017-01-10 10:43:08', '2017-01-10 10:43:08'),
(38, 'tomografia-optica-coherente-mostrando-edema-en-retinopatia-central-serosa-2.jpg', 'Tomografía Óptica Coherente mostrando edema en retinopatía central serosa', 12, '2017-01-10 10:43:08', '2017-01-10 10:43:08'),
(39, 'tomografo-usado-para-la-evaluacion-de-la-macula-en-el-paciente-con-diabetes.jpg', 'Tomógrafo usado en la evaluación de la mácula en pacientes con retinopatía central serosa', 12, '2017-01-10 10:43:08', '2017-01-10 10:43:08'),
(40, 'tomografo-usado-para-la-evaluacion-de-la-macula-en-el-paciente-con-diabetes.jpg', 'Tomógrafo usado en la evaluación de la mácula en pacientes con retinitis pigmentosa', 13, '2017-01-10 10:43:59', '2017-01-10 10:43:59'),
(41, 'oct-en-retinitis-pigmentosa.jpg', 'OCT en retinitis pigmentosa', 13, '2017-01-10 10:43:59', '2017-01-10 10:43:59'),
(42, 'tomografo-usado-para-la-evaluacion-de-la-macula-en-el-paciente-con-diabetes.jpg', 'Tomógrafo usado en la evaluación de la mácula en pacientes con desprendimiento del vítreo posterior', 14, '2017-01-10 10:45:05', '2017-01-10 10:45:05'),
(43, 'tomografia-optica-coherente-mostrando-desprendimiento-del-vitreo-posterior.jpg', 'Tomografía Óptica Coherente  mostrando desprendimiento del vítreo posterior', 14, '2017-01-10 10:45:05', '2017-01-10 10:45:05'),
(44, 'tomografo-usado-en-la-evaluacion-de-la-macula-para-evaluar-la-macula.jpg', 'Tomógrafo usado en la evaluación de la mácula para evaluar la mácula en pacientes que consumen cloroquina', 15, '2017-01-10 10:46:27', '2017-01-10 10:46:27'),
(45, 'tomografia-optica-coherente-mostrando-maculopatia-por-cloroquina.jpg', 'Tomografía Óptica Coherente mostrando maculopatía por cloroquina', 15, '2017-01-10 10:46:27', '2017-01-10 10:46:27'),
(46, 'tomografia-optica-coherente-mostrando-maculopatia-por-cloroquina-2.jpg', 'Tomografía Óptica Coherente mostrando maculopatía por cloroquina', 15, '2017-01-10 10:46:27', '2017-01-10 10:46:27'),
(47, 'oct-mostrando-las-diferentes-capas-de-la-cornea.jpg', 'OCT mostrando las diferentes capas de la córnea ', 16, '2017-01-10 10:47:37', '2017-01-10 10:47:37'),
(48, 'oct-mostrando-el-estroma-de-la-cornea.jpg', 'OCT mostrando el estroma de la córnea', 16, '2017-01-10 10:47:37', '2017-01-10 10:47:37'),
(49, 'pentacam-o-tomografo-de-segmento-anterior.jpg', 'Pentacam o tomógrafo de segmento anterior', 17, '2017-01-10 10:49:02', '2017-01-10 10:49:02'),
(50, 'evaluacion-del-angulo-con-pentacam.jpg', 'Pentacam segmento anterior ', 17, '2017-01-10 10:49:02', '2017-01-10 10:49:02'),
(51, 'pentacam-analisis-de-tomografia-de-segmento-anterior.jpg', 'Pentacam análisis de tomografía de segmento anterior', 17, '2017-01-10 10:49:02', '2017-01-10 10:49:02'),
(52, 'evaluacion-del-angulo-con-pentacam.jpg', 'Evaluación del ángulo con Pentacam', 18, '2017-01-10 10:50:16', '2017-01-10 10:50:16'),
(53, 'paquimetria-con-pentacam.jpg', 'Paquimetría con Pentacam', 18, '2017-01-10 10:50:16', '2017-01-10 10:50:16'),
(54, 'pentacam-para-la-evaluacion-del-glaucoma.jpg', 'Pentacam para la evaluación del glaucoma', 18, '2017-01-10 10:50:16', '2017-01-10 10:50:16'),
(55, 'pentacam-para-la-evaluacion-de-queratocono.jpg', 'Evaluación de Queratocono con Pentacam', 19, '2017-01-10 10:52:20', '2017-01-10 10:52:20'),
(56, 'oct-mostrando-el-analisis-del-angulo.jpg', 'Pentacam utilizado para la evaluación del queratocono', 19, '2017-01-10 10:52:20', '2017-01-10 10:52:20'),
(57, 'equipo-pentacam-usado-para-la-evaluacion-en-cirugia-refractiva.jpg', 'Equipo Pentacam usado para la evaluación en cirugía refractiva', 20, '2017-01-10 10:53:11', '2017-01-10 10:53:11'),
(58, 'reporte-de-pentacam-para-la-cirugia-refractiva.jpg', 'Reporte de Pentacam para cirugía refractiva', 20, '2017-01-10 10:53:11', '2017-01-10 10:53:11'),
(59, 'reporte-de-paquimetria-con-pentacam.jpg', 'Reporte de paquimetría con Pentacam ', 21, '2017-01-10 10:54:16', '2017-01-10 10:54:16'),
(60, 'analisis-de-espesor-de-cornea-con-pentacam.jpg', 'Análisis de espesor de córnea con Pentacam ', 21, '2017-01-10 10:54:16', '2017-01-10 10:54:16'),
(61, 'equipo-utilizado-para-la-evaluacion-de-la-pupilometria.jpg', 'Equipo utilizado para la evaluación de la pupilometría', 22, '2017-01-10 10:56:10', '2017-01-10 10:56:10'),
(62, 'pupilometria.jpg', 'Pupilometría ', 22, '2017-01-10 10:56:10', '2017-01-10 10:56:10'),
(63, 'reporte-de-biometria-optica-2.jpg', 'Equipo de biometría óptica ', 23, '2017-01-10 10:57:35', '2017-01-10 10:57:35'),
(64, 'reporte-de-biometria-optica.jpg', 'Reporte de Biometría óptica ', 23, '2017-01-10 10:57:35', '2017-01-10 10:57:35'),
(65, 'reporte-de-campo-visual-humphrey-1.jpg', 'Reporte de campo visual Humphrey', 24, '2017-01-10 10:59:03', '2017-01-10 10:59:03'),
(66, 'equipo-de-campo-visual-humphrey.jpg', 'Equipo de campo visual Humphrey', 24, '2017-01-10 10:59:03', '2017-01-10 10:59:03'),
(67, 'analisis-de-campo-visual-24-2.jpg', 'Análisis de campo visual 24-2', 24, '2017-01-10 10:59:03', '2017-01-10 10:59:03'),
(68, 'reporte-de-campo-visual.jpg', 'Reporte de campo visual ', 25, '2017-01-10 11:00:23', '2017-01-10 11:00:23'),
(69, 'reporte-de-campo-visual-humphrey.jpg', 'Reporte de campo visual Humphrey ', 25, '2017-01-10 11:00:23', '2017-01-10 11:00:23'),
(70, 'alteraciones-frecuentes-en-la-campimetria.jpg', 'Alteraciones frecuentes en la campimetría ', 25, '2017-01-10 11:00:23', '2017-01-10 11:00:23'),
(71, 'equipo-de-campimetria-humphrey.jpg', 'Equipo de campimetría Humphrey ', 26, '2017-01-10 11:01:44', '2017-01-10 11:01:44'),
(72, 'reporte-de-campimetria-10-2.jpg', 'Reporte de campimetría 10 – 2 ', 26, '2017-01-10 11:01:44', '2017-01-10 11:01:44'),
(73, 'equipo-de-campo-visual-fdt.jpg', 'Equipo de campo visual FDT ', 27, '2017-01-10 11:02:51', '2017-01-10 11:02:51'),
(74, 'equipo-de-aberrometria-itracey.jpg', 'Equipo de aberrometría iTRACEY', 28, '2017-01-10 11:04:04', '2017-01-10 11:04:04'),
(75, 'equipo-para-la-identificacion-de-adeonivirus-en-lagrimas.jpg', 'Equipo para la identificación de adenovirus en lágrimas. ', 29, '2017-01-10 11:04:50', '2017-01-10 11:04:50'),
(76, 'equipo-para-la-medicion-de-la-amplitud-de-acomodacion.jpg', 'Equipo para la medición de la amplitud de acomodación ', 30, '2017-01-10 11:05:35', '2017-01-10 11:05:35'),
(77, 'equipo-para-la-medicion-del-flujo-sanguineo-ocular.jpg', 'Equipo para la medición del flujo sanguíneo ocular ', 31, '2017-01-10 11:06:12', '2017-01-10 11:06:12'),
(78, 'equipo-utilizado-para-analisis-de-la-funcion-lagrimal.jpg', 'Equipo utilizado para análisis de la función lagrimal ', 32, '2017-01-10 11:06:53', '2017-01-10 11:06:53'),
(79, 'equipo-utilizado-para-el-analisis-de-la-funcion-visual.jpg', 'Equipo utilizado para el análisis de la función visual. ', 33, '2017-01-10 11:07:26', '2017-01-10 11:07:26'),
(80, 'reporte-de-citologia-de-impresion-normal.jpg', 'Reporte de citología de impresión normal ', 34, '2017-01-10 11:08:00', '2017-01-10 11:08:00'),
(81, 'equipo-utilizado-en-la-curva-de-presion.jpg', 'Equipo utilizado en la curva de presión ', 35, '2017-01-10 11:08:36', '2017-01-10 11:08:36'),
(82, 'demodex.jpg', 'Demódex ', 36, '2017-01-10 11:09:27', '2017-01-10 11:09:27'),
(83, 'prueba-de-farnsworth-lantern-para-discriminacion-del-color.jpg', 'Prueba de Farnsworth Lantern  para discriminación del color. ', 37, '2017-01-10 11:10:07', '2017-01-10 11:10:07'),
(84, 'prueba-de-estereopsis.jpg', 'Prueba de estereopsis ', 38, '2017-01-10 11:10:55', '2017-01-10 11:10:55'),
(85, 'estesiometro.jpg', 'Estesiómetro ', 39, '2017-01-10 11:11:47', '2017-01-10 11:11:47'),
(86, 'laminas-usadas-en-el-test-de-farnsworth.jpg', 'Laminas usadas en el test de Farnsworth', 40, '2017-01-10 11:12:34', '2017-01-10 11:12:34'),
(87, 'laminas-usadas-en-el-test-de-farnsworth-2.jpg', 'Laminas usadas en el test de Farnsworth', 41, '2017-01-10 11:13:12', '2017-01-10 11:13:12'),
(88, 'equipo-utilizado-para-la-medicion-de-la-foto-estres-macular.jpg', 'Equipo utilizado para la evaluación de los fenómenos entópticos positivos. ', 42, '2017-01-10 11:13:43', '2017-01-10 11:13:43'),
(89, 'dispositivo-manejado-para-la-recoleccion-de-las-lagrimas-en-el-test-de-ferning.jpg', 'Dispositivo manejado para la recolección de las lágrimas en el test de Ferning ', 43, '2017-01-10 11:14:14', '2017-01-10 11:14:14'),
(90, 'equipo-utilizado-para-la-evaluacion-de-los-fenomenos-entopicos-positivos.jpg', 'Equipo utilizado para la medición de la foto estrés macular. ', 44, '2017-01-10 11:14:43', '2017-01-10 11:14:43'),
(91, 'fotografia-del-segmente-anterior.jpg', 'Fotografía del segmento anterior ', 45, '2017-01-10 11:15:23', '2017-01-10 11:15:23'),
(92, 'fotografia-del-fondo-del-ojo.jpg', 'Fotografía del fondo del ojo ', 46, '2017-01-10 11:15:58', '2017-01-10 11:15:58'),
(93, 'equipo-utilizado-para-la-evaluacion-de-los-fenomenos-entopicos-positivos.jpg', ' Efecto del glare o deslumbramiento', 47, '2017-01-10 11:16:51', '2017-01-10 11:16:51'),
(94, 'reporte-de-la-identificacion-de-germenes.jpg', 'Reporte de la identificación de gérmenes', 48, '2017-01-10 11:17:30', '2017-01-10 11:17:30'),
(95, 'equipo-utilizado-en-la-interferometria.jpg', 'Equipo utilizado en la interferometría', 49, '2017-01-10 11:18:08', '2017-01-10 11:18:08'),
(96, 'test-de-ishihara.jpg', 'Test de Ishihara ', 50, '2017-01-10 11:18:50', '2017-01-10 11:18:50'),
(97, 'equipo-utilizado-para-la-medicion-de-la-longitud-axial.jpg', 'Equipo utilizado para la medición de la Longitud Axial. ', 51, '2017-01-10 11:19:21', '2017-01-10 11:19:21'),
(98, 'evaluacion-de-las-glandulas-de-meibomio-mediante-meibografia.jpg', 'Evaluación de las glándulas de Meibomio mediante Meibografía. ', 52, '2017-01-10 11:19:51', '2017-01-10 11:19:51'),
(99, 'evaluacion-del-menisco-lagrimal-mediante-tomografia-optica-coherente.jpg', 'Evaluación del menisco lagrimal mediante Tomografía Óptica Coherente', 53, '2017-01-10 11:20:25', '2017-01-10 11:20:25'),
(100, 'equipo-para-la-identificacion-de-adeonivirus-en-lagrimas.jpg', 'Evaluación de metaloproteinasas ', 54, '2017-01-10 11:21:03', '2017-01-10 11:21:03'),
(101, 'quipo-utlizado-para-la-realizacion-de-microperimetria.jpg', 'Equipo utilizado para la realización de la microperimetría. ', 55, '2017-01-10 11:21:51', '2017-01-10 11:21:51'),
(102, 'equipo-utilizado-para-la-medicion-de-la-presion-intraocular-2.jpg', 'Equipo utilizado para la medición de la presión intraocular ', 57, '2017-01-10 11:22:40', '2017-01-10 11:22:40'),
(103, 'equipo-utilizado-para-la-medicion-de-la-presion-intraocular-2.jpg', 'Equipo utilizado para la medición de la presión intraocular. ', 58, '2017-01-10 11:23:17', '2017-01-10 11:23:17'),
(104, 'equipo-utilizado-para-la-medicion-de-la-presion-intraocular-2.jpg', 'Equipo utilizado para la medición de la presión intraocular. ', 59, '2017-01-10 11:23:59', '2017-01-10 11:23:59'),
(105, 'celulas-endoteilales-de-la-cornea.jpg', 'Células endoteliales de la córnea', 60, '2017-01-10 11:24:43', '2017-01-10 11:24:43'),
(106, 'evaluacion-con-el-analizador-de-frente-de-onda-itracey.jpg', 'Evaluación con el analizador de frente de onda iTRACEY ', 61, '2017-01-10 11:25:24', '2017-01-10 11:25:24'),
(107, 'equipo-utilizado-para-evaluar-la-sensibilidad-al-contraste.jpg', 'Equipo utilizado para evaluar la sensibilidad al contraste. ', 62, '2017-01-10 11:25:57', '2017-01-10 11:25:57'),
(108, 'equipo-utilizado-para-evaluar-la-sensibilidad-al-contraste-con-deslumbramiento.jpg', 'Equipo utilizado para evaluar la sensibilidad al contraste con deslumbramiento. ', 63, '2017-01-10 11:26:37', '2017-01-10 11:26:37'),
(109, 'tincion-de-la-superficie-ocular.jpg', 'Escala de clasificación en la tinción de la superficie ocular. ', 64, '2017-01-10 11:27:34', '2017-01-10 11:27:34'),
(110, 'topografia-por-reflexion.jpg', 'Topografía por reflexión  ', 65, '2017-01-10 11:28:26', '2017-01-10 11:28:26');

-- --------------------------------------------------------

--
-- Estructura de tabla para la tabla `menus`
--

CREATE TABLE IF NOT EXISTS `menus` (
  `id` int(10) unsigned NOT NULL AUTO_INCREMENT,
  `menu` varchar(255) COLLATE utf8_unicode_ci NOT NULL,
  `icon` varchar(255) COLLATE utf8_unicode_ci NOT NULL,
  `created_at` timestamp NOT NULL DEFAULT '0000-00-00 00:00:00',
  `updated_at` timestamp NOT NULL DEFAULT '0000-00-00 00:00:00',
  PRIMARY KEY (`id`)
) ENGINE=InnoDB  DEFAULT CHARSET=utf8 COLLATE=utf8_unicode_ci AUTO_INCREMENT=6 ;

--
-- Volcado de datos para la tabla `menus`
--

INSERT INTO `menus` (`id`, `menu`, `icon`, `created_at`, `updated_at`) VALUES
(1, 'OCT', 'oct.png', '0000-00-00 00:00:00', '0000-00-00 00:00:00'),
(2, 'Pentacam', 'pentacam.png', '0000-00-00 00:00:00', '0000-00-00 00:00:00'),
(3, 'Biometría', 'biometria.png', '0000-00-00 00:00:00', '0000-00-00 00:00:00'),
(4, 'Campo Visual', 'campovisual.png', '0000-00-00 00:00:00', '0000-00-00 00:00:00'),
(5, 'Otros Examenes', 'otrosexamenes.png', '0000-00-00 00:00:00', '0000-00-00 00:00:00');

-- --------------------------------------------------------

--
-- Estructura de tabla para la tabla `migrations`
--

CREATE TABLE IF NOT EXISTS `migrations` (
  `migration` varchar(255) COLLATE utf8_unicode_ci NOT NULL,
  `batch` int(11) NOT NULL
) ENGINE=InnoDB DEFAULT CHARSET=utf8 COLLATE=utf8_unicode_ci;

-- --------------------------------------------------------

--
-- Estructura de tabla para la tabla `password_resets`
--

CREATE TABLE IF NOT EXISTS `password_resets` (
  `email` varchar(255) COLLATE utf8_unicode_ci NOT NULL,
  `token` varchar(255) COLLATE utf8_unicode_ci NOT NULL,
  `created_at` timestamp NOT NULL DEFAULT '0000-00-00 00:00:00',
  KEY `password_resets_email_index` (`email`),
  KEY `password_resets_token_index` (`token`)
) ENGINE=InnoDB DEFAULT CHARSET=utf8 COLLATE=utf8_unicode_ci;

-- --------------------------------------------------------

--
-- Estructura de tabla para la tabla `posts`
--

CREATE TABLE IF NOT EXISTS `posts` (
  `id` int(10) unsigned NOT NULL AUTO_INCREMENT,
  `title` varchar(255) COLLATE utf8_unicode_ci NOT NULL,
  `content` longtext COLLATE utf8_unicode_ci NOT NULL,
  `slug` varchar(255) COLLATE utf8_unicode_ci NOT NULL,
  `menu_id` int(10) unsigned NOT NULL,
  `created_at` timestamp NOT NULL DEFAULT '0000-00-00 00:00:00',
  `updated_at` timestamp NOT NULL DEFAULT '0000-00-00 00:00:00',
  PRIMARY KEY (`id`),
  KEY `posts_menu_id_foreign` (`menu_id`)
) ENGINE=InnoDB  DEFAULT CHARSET=utf8 COLLATE=utf8_unicode_ci AUTO_INCREMENT=66 ;

--
-- Volcado de datos para la tabla `posts`
--

INSERT INTO `posts` (`id`, `title`, `content`, `slug`, `menu_id`, `created_at`, `updated_at`) VALUES
(1, 'OCT, Tomografía óptica coherente', '<p>La Tomograf&iacute;a &oacute;ptica coherente - OCT constituye una de las herramientas m&aacute;s revolucionarias en el diagn&oacute;stico oftalmol&oacute;gico de los &uacute;ltimos a&ntilde;os al permitir la visualizaci&oacute;n del tejido, en vivo y sin contacto con el paciente, lo cual s&oacute;lo se pod&iacute;a lograr anteriormente en cortes histol&oacute;gicos (biopsias).&nbsp; La Tomograf&iacute;a &oacute;ptica coherente - OCT de Alta Resoluci&oacute;n (optovue-RTVue) cuenta con una resoluci&oacute;n superior a las 5 micras, lo cual lo convierte en una herramienta de diagn&oacute;stico de alta precisi&oacute;n en las enfermedades del nervio &oacute;ptico y la m&aacute;cula.</p>\r\n\r\n<p>&nbsp;</p>\r\n\r\n<p>Las enfermedades y condiciones a evaluar con la Tomograf&iacute;a &Oacute;ptica Coherente &ndash; OCT son:</p>\r\n\r\n<p>&nbsp;</p>\r\n\r\n<p>&bull;Glaucoma.</p>\r\n\r\n<p>&bull;Neuritis &oacute;ptica.</p>\r\n\r\n<p>&bull;Drusas (Drusen) del nervio &oacute;ptico.</p>\r\n\r\n<p>&bull;Retinopat&iacute;a diab&eacute;tica.</p>\r\n\r\n<p>&bull;Edema macular diab&eacute;tico.</p>\r\n\r\n<p>&bull;Degeneraci&oacute;n macular relacionada con la edad seca.</p>\r\n\r\n<p>&bull;Degeneraci&oacute;n macular relacionada con la edad h&uacute;meda.</p>\r\n\r\n<p>&bull;Agujero macular.</p>\r\n\r\n<p>&bull;Membrana epirretiniana.</p>\r\n\r\n<p>&bull;Retinopat&iacute;a central serosa.</p>\r\n\r\n<p>&bull;Retinitis pigmentosa.</p>\r\n\r\n<p>&bull;Desprendimiento del v&iacute;treo posterior.</p>\r\n\r\n<p>&bull;Alteraciones secundarias al consumo de Cloroquina o Hidroxicloroquina.</p>\r\n', 'oct-tomografia-optica-coherente', 1, '2017-01-10 10:22:36', '2017-01-10 10:22:36'),
(2, 'OCT para glaucoma', '<p>El <strong>glaucoma</strong> es una enfermedad caracterizada por la p&eacute;rdida progresiva e irreversible en las fibras en el nervio &oacute;ptico; hoy en d&iacute;a es posible cuantificar esta p&eacute;rdida y lograr el diagn&oacute;stico de la enfermedad antes de que el paciente inicie la p&eacute;rdida de la visi&oacute;n.</p>\r\n\r\n<p>&nbsp;</p>\r\n\r\n<p>Aunque todos los equipos de <strong>Tomograf&iacute;a &Oacute;ptica Coherente - OCT</strong> o tom&oacute;grafos ofrecen informaci&oacute;n valiosa lo ideal es realizar el examen con tom&oacute;grafo de alta resoluci&oacute;n para tener informaci&oacute;n m&aacute;s precisa.</p>\r\n\r\n<p>&nbsp;</p>\r\n\r\n<p>El Tom&oacute;grafo utilizado en <strong>Ex&aacute;menes Diagn&oacute;sticos </strong>para la evaluaci&oacute;n en glaucoma cuenta con una resoluci&oacute;n incluso capaz de evaluar el complejo de c&eacute;lulas ganglionares que es el sitio inicial de da&ntilde;o en glaucoma; esta a su vez es la forma m&aacute;s precisa de realizar el seguimiento de la enfermedad.</p>\r\n', 'oct-para-glaucoma', 1, '2017-01-10 10:23:39', '2017-01-10 10:23:39'),
(3, 'OCT para estudio del ángulo en glaucoma', '<p>El ojo mantiene su forma y consistencia gracias a la din&aacute;mica de producci&oacute;n&nbsp; y eliminaci&oacute;n del fluido interno llamado humor acuoso, el cual se produce en los procesos ciliares y es evacuado del ojo a trav&eacute;s de la malla trabecular ubicada en el &aacute;ngulo de la c&aacute;mara anterior del ojo.</p>\r\n\r\n<p>El glaucoma de &aacute;ngulo estrecho es ocasionado por la dificultad de salida del humor acuoso del ojo secundario al desplazamiento del iris hac&iacute;a la parte anterior del ojo; con la Tomograf&iacute;a &Oacute;ptica Coherente OCT es posible evaluar la parte anterior del ojo de manera objetiva, cuantificando el grado de apertura del &aacute;ngulo y definiendo de manera precisa la necesidad de tratamiento para este tipo de glaucoma.</p>\r\n', 'oct-para-estudio-del-angulo-en-glaucoma', 1, '2017-01-10 10:24:50', '2017-01-10 10:24:50'),
(4, 'OCT para neuritis óptica', '<p>La <strong>neuritis &oacute;ptica</strong> es una inflamaci&oacute;n a nivel del nervio &oacute;ptico, la cual puede ser identificada desde fases muy tempranas, incluso antes de que sea evidente cl&iacute;nicamente a trav&eacute;s de la <strong>Tomograf&iacute;a &Oacute;ptica Coherente - OCT</strong> de &nbsp;nervios &oacute;pticos, ya que muestra el engrosamiento causado por el edema de las fibras en el nervio &oacute;ptico.&nbsp; Es un examen r&aacute;pido y no invasivo que adicionalmente proporciona informaci&oacute;n muy valiosa en el seguimiento de la respuesta al tratamiento.</p>\r\n\r\n<p>&nbsp;</p>\r\n\r\n<p>Es importante tener presente que una inflamaci&oacute;n en el nervio &oacute;ptico puede producir un da&ntilde;o irreversible en el mismo, en <strong>Ex&aacute;menes Diagn&oacute;sticos </strong>contamos con tom&oacute;grafo de alta resoluci&oacute;n, el cual le permite identificar peque&ntilde;as alteraciones antes que con otras tecnolog&iacute;as.</p>\r\n', 'oct-para-neuritis-optica', 1, '2017-01-10 10:25:56', '2017-01-10 10:25:56'),
(5, 'OCT para Drusen del nervio óptico', '<p>Los <strong>Drusen del nervio &oacute;ptico</strong> son concreciones de calcio y prote&iacute;nas (calcificaciones), condici&oacute;n que en muchas ocasiones se confunde con una inflamaci&oacute;n del nervio &oacute;ptico o incluso con una hipertensi&oacute;n endocraneal o inflamaci&oacute;n o tumor a nivel cerebral.&nbsp; Con la <strong>Tomograf&iacute;a &Oacute;ptica Coherente - OCT</strong> a nivel del nervio &oacute;ptico se puede acceder a una imagen tridimensional del nervio &oacute;ptico de alta resoluci&oacute;n, lo cual permite el acercamiento a un diagn&oacute;stico preciso.</p>\r\n\r\n<p>&nbsp;</p>\r\n\r\n<p>En <strong>Ex&aacute;menes Diagn&oacute;sticos </strong>contamos con <strong>Tomograf&iacute;a &Oacute;ptica Coherente - OCT</strong> de alta resoluci&oacute;n que le permite un diagn&oacute;stico preciso de las alteraciones del nervio &oacute;ptico.</p>\r\n', 'oct-para-drusen-del-nervio-optico', 1, '2017-01-10 10:27:15', '2017-01-10 10:27:15'),
(6, 'OCT para retinopatía diabética	', '<p>La <strong>diabetes</strong> es una enfermedad caracterizada por una deficiencia en el metabolismo de la glucosa, como resultado la glucosa se acumula en los vasos sangu&iacute;neos incluyendo los vasos de la retina donde desencadena la retinopat&iacute;a diab&eacute;tica.&nbsp; La retinopat&iacute;a diab&eacute;tica ocasiona alteraci&oacute;n en los vasos del fondo del ojo, donde estos vasos sufren un debilitamiento de su pared, lo cual les permite sufrir salida de l&iacute;quido o sangre de su interior, tener crecimientos anormales y fr&aacute;giles en forma de ramificaciones que salen de la superficie de la retina llamados neovasos al igual que procesos de trombosis en su interior.</p>\r\n\r\n<p>&nbsp;</p>\r\n\r\n<p>La <strong>Tomograf&iacute;a &Oacute;ptica Coherente - OCT</strong> es &uacute;til en detectar las alteraciones que se presentan en la retinopat&iacute;a diab&eacute;tica, entre las que se encuentran la acumulaci&oacute;n de fluido en el interior de la retina, permitiendo proporcionar diagn&oacute;sticos exactos y mejores decisiones terap&eacute;uticas. Hoy en d&iacute;a lo idea es combinar la Tomograf&iacute;a &Oacute;ptica Coherente con la angiograf&iacute;a con fluoresce&iacute;na para un diagn&oacute;stico preciso de la retinopat&iacute;a diab&eacute;tica.</p>\r\n\r\n<p>&nbsp;</p>\r\n\r\n<p>En <strong>Ex&aacute;menes Diagn&oacute;sticos </strong>contamos con <strong>Tomograf&iacute;a &Oacute;ptica Coherente - OCT</strong> de alta resoluci&oacute;n, la cual permite un seguimiento preciso de la retinopat&iacute;a diab&eacute;tica.</p>\r\n', 'oct-para-retinopatia-diabetica', 1, '2017-01-10 10:28:11', '2017-01-10 10:28:11'),
(7, 'OCT para edema macular diabético', '<p>La <strong>m&aacute;cula</strong> es el sitio de la retina encargado de la visi&oacute;n central, la visi&oacute;n de colores y detalles finos; en la diabetes se presenta una acumulaci&oacute;n de l&iacute;quido en el centro de la misma con lo cual se produce un deterioro importante en la visi&oacute;n del paciente; el edema macular diab&eacute;tico es la principal causa de p&eacute;rdida de visi&oacute;n en los pacientes diab&eacute;ticos y su pronto reconocimiento mediante <strong>Tomograf&iacute;a &Oacute;ptica Coherente - OCT</strong> permite un manejo oportuno.&nbsp; Por otro lado la Tomograf&iacute;a es una herramienta muy &uacute;til a la hora de monitorear la evoluci&oacute;n del tratamiento.</p>\r\n\r\n<p>&nbsp;</p>\r\n\r\n<p>En <strong>Ex&aacute;menes Diagn&oacute;sticos </strong>contamos con <strong>Tomograf&iacute;a &Oacute;ptica Coherente - OCT</strong> de alta resoluci&oacute;n, la cual le permite un diagn&oacute;stico y seguimiento preciso del edema macular diab&eacute;tico,</p>\r\n', 'oct-para-edema-macular-diabetico', 1, '2017-01-10 10:29:15', '2017-01-10 10:29:15'),
(8, 'OCT para degeneración macular seca', '<p>La <strong>degeneraci&oacute;n macular</strong> relacionada con la edad es el deterioro del centro de la retina a consecuencia de la edad. En fases iniciales se caracteriza por la acumulaci&oacute;n de desechos en las capas profundas de la m&aacute;cula llamados drusas, los cuales alteran el adecuado funcionamiento de la retina.&nbsp; La Tomograf&iacute;a &Oacute;ptica Coherente - OCT, es una herramienta revolucionaria que permite la detecci&oacute;n oportuna de las drusas, zonas de atrofia macular y las zonas de edema y hemorragia en el centro de la m&aacute;cula.&nbsp; Igualmente permite evolucionar la respuesta al tratamiento a trav&eacute;s del tiempo.&nbsp;</p>\r\n\r\n<p>&nbsp;</p>\r\n\r\n<p>Es importante recordar que el da&ntilde;o por Degeneraci&oacute;n Macular es usualmente irreversible, por esto el pronto reconocimiento ayudar&aacute; a tener un pron&oacute;stico m&aacute;s favorable; en <strong>Ex&aacute;menes Diagn&oacute;sticos </strong>contamos con Tom&oacute;grafo &ndash; OCT de alta resoluci&oacute;n que permite la pronta identificaci&oacute;n del da&ntilde;o por degeneraci&oacute;n macular.</p>\r\n', 'oct-para-degeneracion-macular-seca', 1, '2017-01-10 10:30:31', '2017-01-10 10:30:31'),
(9, 'OCT para degeneración macular húmeda', '<p>La forma m&aacute;s agresiva de <strong>degeneraci&oacute;n macular</strong> es la denominada forma h&uacute;meda, en la cual peque&ntilde;os vasos se forman en las capas profundas de la retina, estos peque&ntilde;os vasos sangran f&aacute;cilmente y dejan escapar fluido. Con el tiempo este fluido y sangrado produce una destrucci&oacute;n del centro de la m&aacute;cula, con lo cual se ocasiona perdida en la funci&oacute;n de la retina.&nbsp; El pronto reconocimiento de esta condici&oacute;n es fundamental para evitar la p&eacute;rdida irreversible de la visi&oacute;n.&nbsp; La Tomograf&iacute;a &Oacute;ptica Coherente OCT es una herramienta fundamental en el pronto reconocimiento de las alteraciones ocasionadas por la degeneraci&oacute;n macular h&uacute;meda (neovasos o neovascularizaci&oacute;n); por otro lado, la tomograf&iacute;a es una herramienta fundamental en la evaluaci&oacute;n de la respuesta al tratamiento.&nbsp;</p>\r\n\r\n<p>&nbsp;</p>\r\n\r\n<p>En <strong>Ex&aacute;menes Diagn&oacute;sticos</strong> contamos con tom&oacute;grafos &ndash; OCT de alta resoluci&oacute;n, con lo cual se pueden acceder a diagn&oacute;sticos precisos de la degeneraci&oacute;n macular</p>\r\n', 'oct-para-degeneracion-macular-humeda', 1, '2017-01-10 10:39:29', '2017-01-10 10:39:29'),
(10, 'OCT para agujero macular', '<p>El agujero macular consiste en una p&eacute;rdida progresiva del espesor de la retina en la zona central, llamada m&aacute;cula; en la que acaba por formarse un orificio de tama&ntilde;o muy peque&ntilde;o, menor de 1 mm de di&aacute;metro, pero que tiene gran repercusi&oacute;n sobre la capacidad visual.&nbsp; La <strong>Tomograf&iacute;a &Oacute;ptica Coherente - OCT</strong> es una herramienta fundamental para el reconocimiento del agujero macular en sus fases iniciales, igualmente con la tomograf&iacute;a se puede evaluar de manera muy confiable la respuesta al tratamiento.&nbsp;&nbsp;</p>\r\n\r\n<p>&nbsp;</p>\r\n\r\n<p>En <strong>Ex&aacute;menes Diagn&oacute;sticos </strong>contamos con tom&oacute;grafos &ndash; OCT de alta resoluci&oacute;n, con los cuales se pueden tomar decisiones precisas en los pacientes con agujero macular</p>\r\n', 'oct-para-agujero-macular', 1, '2017-01-10 10:40:58', '2017-01-10 10:40:58'),
(11, 'OCT para membrana epirretiniana', '<p>La membrana epirretiniana o pucker macular, es una enfermedad ubicada en el centro de la retina, en el sitio m&aacute;s importante de la visi&oacute;n llamado m&aacute;cula; consiste en el desarrollo de una sutil membrana casi transl&uacute;cida sobre la m&aacute;cula, cuando tal membrana se contrae y se arruga causa una deformaci&oacute;n y una progresiva distorsi&oacute;n de los tejidos, con lo cual se produce una disminuci&oacute;n en la visi&oacute;n, siendo en algunas ocasiones muy severa.&nbsp; La <strong>Tomograf&iacute;a &Oacute;ptica Coherente - OCT</strong> es una forma muy precisa de detectar la membrana en fases iniciales, con lo cual se puede proporcionar un tratamiento oportuno.&nbsp;&nbsp;</p>\r\n\r\n<p>&nbsp;</p>\r\n\r\n<p>En <strong>Ex&aacute;menes Diagn&oacute;sticos </strong>contamos con tomograf&iacute;a &ndash; OCT de alta resoluci&oacute;n, con lo cual se pueden realizar diagn&oacute;sticos muy precisos y oportunos de la membrana epirretiniana.</p>\r\n', 'oct-para-membrana-epirretiniana', 1, '2017-01-10 10:42:03', '2017-01-10 10:42:03'),
(12, 'OCT para retinopatía central serosa	', '<p>La retinopat&iacute;a central serosa es una patolog&iacute;a del centro de la retina en la cual la m&aacute;cula presenta un edema en su parte central y posterior, de aparici&oacute;n espor&aacute;dica y usualmente auto limitada, predominante en hombres j&oacute;venes.&nbsp; La <strong>Tomograf&iacute;a &Oacute;ptica Coherente - OCT</strong> permite un diagn&oacute;stico preciso y oportuno, con lo cual se pueden tomar las decisiones apropiadas en cuanto al seguimiento y tratamiento.&nbsp;</p>\r\n\r\n<p>&nbsp;</p>\r\n\r\n<p>En <strong>Ex&aacute;menes Diagn&oacute;sticos </strong>contamos con tomograf&iacute;a &ndash; OCT de alta resoluci&oacute;n para un adecuado diagn&oacute;stico y seguimiento de la retinopat&iacute;a central serosa.</p>\r\n', 'oct-para-retinopatia-central-serosa', 1, '2017-01-10 10:43:08', '2017-01-10 10:43:08'),
(13, 'OCT para retinitis pigmentosa ', '<p>La <strong>retinitis pigmentosa</strong> es un conjunto de enfermedades oculares cr&oacute;nicas de origen gen&eacute;tico y car&aacute;cter degenerativo que se agrupan bajo este nombre. Se caracteriza por una degeneraci&oacute;n progresiva de la estructura del ojo sensible a la luz, la retina, la cual va perdiendo de forma progresiva sus c&eacute;lulas receptoras llamadas conos y bastones; el diagn&oacute;stico preciso de la retinitis pigmentosa requiere de la ayuda de medios diagn&oacute;sticos como angiograf&iacute;a, electrorretinograma y Tomograf&iacute;a &Oacute;ptica Coherente OCT.</p>\r\n\r\n<p>&nbsp;</p>\r\n\r\n<p>En <strong>Ex&aacute;menes Diagn&oacute;sticos </strong>contamos con tomograf&iacute;a &ndash; OCT de alta resoluci&oacute;n para una adecuada evaluaci&oacute;n del paciente con retinitis pigmentosa.</p>\r\n', 'oct-para-retinitis-pigmentosa', 1, '2017-01-10 10:43:59', '2017-01-10 10:43:59'),
(14, 'OCT para desprendimiento del vítreo posterior ', '<p>El ojo es una esfera hueca llena de un l&iacute;quido gelatinoso que le ayuda a dar forma y consistencia denominado humor v&iacute;treo.&nbsp; Esta estructura gelatinosa normalmente se encuentra adherida a las paredes internas del ojo, exactamente a la retina.&nbsp; En el transcurso de la vida, este humor v&iacute;treo se contrae y se produce un desprendimiento de las paredes internas de la retina produciendo como s&iacute;ntomas la percepci&oacute;n de moscas volantes o miodesopsias.&nbsp; Lo importante del desprendimiento del v&iacute;treo es que pueden persistir zonas de adherencia que producen tracci&oacute;n a nivel de la retina, zonas de desgarro y zonas de desprendimiento de retina; la <strong>Tomograf&iacute;a &Oacute;ptica Coherente - OCT</strong> es un examen diagn&oacute;stico que ayuda a confirmar la presencia de desprendimiento del v&iacute;treo y ayuda a identificar las zonas de tracci&oacute;n a nivel macular.&nbsp;</p>\r\n\r\n<p>&nbsp;</p>\r\n\r\n<p>En <strong>Ex&aacute;menes Diagn&oacute;sticos </strong>contamos con tomograf&iacute;a &ndash; OCT de alta resoluci&oacute;n para una adecuada evaluaci&oacute;n del paciente con desprendimiento del v&iacute;treo.</p>\r\n', 'oct-para-desprendimiento-del-vitreo-posterior', 1, '2017-01-10 10:45:05', '2017-01-10 10:45:05'),
(15, 'OCT para maculopatía por cloroquina', '<p>La <strong>Cloroquina</strong> e <strong>Hidroxicloroquina</strong> son medicamentos usados muy com&uacute;nmente en el manejo de enfermedades reum&aacute;ticas, son medicamentos efectivos y seguros en la mayor&iacute;a de las ocasiones, pero a nivel ocular estas drogas producen una toxicidad importante, por lo tanto es obligatorio que los pacientes antes de iniciar estas terapias acudan a una evaluaci&oacute;n oftalmol&oacute;gica completa con ex&aacute;menes complementarios para determinar el estado inicial del sistema visual y de esta manera poder detectar m&aacute;s f&aacute;cilmente cualquier toxicidad por la Cloroquina o la Hidroxicloroquina.&nbsp; Dentro de los ex&aacute;menes obligatorios iniciales se encuentran fotograf&iacute;as del fondo de ojo, ex&aacute;menes de campo visual, visi&oacute;n del color y sensibilidad al contraste.&nbsp; En algunas ocasiones es necesario complementar el estudio inicial con la microperimetr&iacute;a y la <strong>Tomograf&iacute;a &Oacute;ptica Coherente - OCT</strong>.&nbsp;</p>\r\n\r\n<p>&nbsp;</p>\r\n\r\n<p>En <strong>Ex&aacute;menes Diagn&oacute;sticos </strong>contamos con tomograf&iacute;a &ndash; OCT de alta resoluci&oacute;n para una adecuada evaluaci&oacute;n del paciente bajo tratamiento con Cloroquina o Hidroxicloroquina. .</p>\r\n', 'oct-para-maculopatia-por-cloroquina', 1, '2017-01-10 10:46:27', '2017-01-10 10:46:27'),
(16, 'OCT para estudio de córnea', '<p>La c&oacute;rnea es el principal lente de nuestro sistema visual, est&aacute; compuesto por 5 capas, cada una de las cuales puede albergar diferentes patolog&iacute;as.&nbsp; La Tomograf&iacute;a &Oacute;ptica Coherente OCT ofrece un an&aacute;lisis estructura de cada una de las capas de manera muy similar a lo que se realiza en un corte histol&oacute;gico (biopsia).</p>\r\n\r\n<p>Es un examen r&aacute;pido, indoloro y no representa ning&uacute;n tipo de invasi&oacute;n al ojo.</p>\r\n\r\n<p>Es &uacute;til para la evaluaci&oacute;n de diferentes condiciones entre las que se encuentran:</p>\r\n\r\n<ul>\r\n	<li>Queratocono, en el diagn&oacute;stico y evoluci&oacute;n de la enfermedad.</li>\r\n	<li>Evaluaci&oacute;n de anillos intraestromales.</li>\r\n	<li>Ulceras.</li>\r\n	<li>Abscesos.</li>\r\n	<li>Distrofias de c&oacute;rnea.</li>\r\n	<li>Cuerpos extra&ntilde;os en la c&oacute;rnea con el fin de evaluar su ubicaci&oacute;n, determinando la extensi&oacute;n del da&ntilde;o y la mejor forma para su extracci&oacute;n.</li>\r\n</ul>\r\n', 'oct-para-estudio-de-cornea', 1, '2017-01-10 10:47:37', '2017-01-10 10:47:37'),
(17, 'Pentacam', '<p>La tomograf&iacute;a del segmento anterior con <strong>Pentacam</strong> es un esc&aacute;ner de la parte anterior del ojo, en el que se toman fotograf&iacute;as seriadas y se construye una imagen tridimensional de la c&oacute;rnea, el iris, el &aacute;ngulo de la c&aacute;mara anterior y una porci&oacute;n del cristalino, con estas im&aacute;genes se pueden evaluar las medidas de cada una de estas estructuras, se pueden diferenciar los tejidos, ubicar cuerpos extra&ntilde;os, determinar la extensi&oacute;n de ulceraciones y heridas de esta porci&oacute;n del globo ocular.</p>\r\n\r\n<p>&nbsp;</p>\r\n\r\n<p>En <strong>Ex&aacute;menes Diagn&oacute;sticos </strong>contamos con Pentacam de alta resoluci&oacute;n para una adecuada evaluaci&oacute;n de la tomograf&iacute;a del segmento anterior del paciente</p>\r\n', 'pentacam', 2, '2017-01-10 10:49:02', '2017-01-10 10:49:02'),
(18, 'Pentacam para glaucoma', '<p>El paciente con glaucoma requiere un estudio con <strong>Pentacam</strong> de la parte anterior del ojo, para determinar las siguientes condiciones:</p>\r\n\r\n<p>1. Grado de apertura del &aacute;ngulo de manera objetiva.</p>\r\n\r\n<p>2. Espesor de la c&oacute;rnea o paquimetr&iacute;a para determinar la influencia de la misma en el nivel de presi&oacute;n intraocular.</p>\r\n\r\n<p>&nbsp;</p>\r\n\r\n<p>La medida mediante <strong>Pentacam</strong> del &aacute;ngulo es una medida objetiva y confiable del nivel de apertura del &aacute;ngulo y la c&aacute;mara anterior, con el fin de definir si es necesario alg&uacute;n tratamiento para mejorar el flujo de humor acuoso en el interior del ojo.</p>\r\n\r\n<p>&nbsp;</p>\r\n\r\n<p>La medida de la presi&oacute;n intraocular es directamente dependiente del valor de paquimetr&iacute;a o espesor de la c&oacute;rnea.&nbsp;&nbsp; Debido a que el ojo es una esfera hueca, que no cuenta con una v&aacute;lvula para la medici&oacute;n de la presi&oacute;n intraocular, debemos tomar la presi&oacute;n sobre las paredes de esta esfera (sobre la c&oacute;rnea) y por lo tanto las corneas delgadas o m&aacute;s blandas pueden dar valores de presi&oacute;n falsamente inferiores a los reales y corneas gruesas o m&aacute;s duras pueden dar valores de presi&oacute;n ocular falsamente superiores.&nbsp;&nbsp; El <strong>Pentacam</strong> realiza un an&aacute;lisis objetivo de la totalidad del espesor y forma de la c&oacute;rnea y proporciona una medida REAL del valor de presi&oacute;n intraocular.&nbsp; Con este examen se pueden tener medidas reales del nivel de presi&oacute;n ocular.</p>\r\n\r\n<p>&nbsp;</p>\r\n\r\n<p>En <strong>Ex&aacute;menes Diagn&oacute;sticos </strong>contamos con Pentacam de alta resoluci&oacute;n para una adecuada evaluaci&oacute;n del paciente con glaucoma.</p>\r\n', 'pentacam-para-glaucoma', 2, '2017-01-10 10:50:16', '2017-01-10 10:50:16'),
(19, 'Pentacam para queratocono', '<p>El <strong>Pentacam</strong> permite realizar&nbsp; una tomograf&iacute;a de la c&oacute;rnea, con lo cual se logra evaluar de manera tridimensional la c&oacute;rnea en cada una de sus capas, su volumen y espesor, adicionalmente se comparan los espesores corn&eacute;ales en cada punto, teniendo diagn&oacute;sticos m&aacute;s oportunos de queratocono y decisiones terap&eacute;uticas acertadas.&nbsp; El <strong>Pentacam</strong> hoy es una herramienta obligatoria en el estudio del queratocono.</p>\r\n\r\n<p>&nbsp;</p>\r\n\r\n<p>En el queratocono se presenta una alteraci&oacute;n en la estructura de la c&oacute;rnea, donde el espesor se disminuye progresivamente y se favorece su deformaci&oacute;n en forma de cono; por esto el An&aacute;lisis de Queratocono con <strong>Pentacam</strong> es indispensable para hacer seguimiento al adelgazamiento de la c&oacute;rnea propio de esta patolog&iacute;a.</p>\r\n\r\n<p>&nbsp;</p>\r\n\r\n<p>Utilidad del <strong>Pentacam</strong> en el paciente con Queratocono</p>\r\n\r\n<p>1. El <strong>Pentacam</strong> permite diagn&oacute;sticos oportunos de queratocono.</p>\r\n\r\n<p>2. El <strong>Pentacam</strong> permite determinar cu&aacute;l es la mejor alternativa de tratamiento del queratocono, ya sea cross-linking (crosslinking) o anillos intraestromales.</p>\r\n\r\n<p>3. El <strong>Pentacam</strong> permite determinar de manera precisa la evoluci&oacute;n del queratocono.</p>\r\n\r\n<p>4. El <strong>Pentacam</strong> es la mejor manera de evaluar a los pacientes con familiares de queratocono para descartar esta enfermedad.</p>\r\n\r\n<p>&nbsp;</p>\r\n\r\n<p>En <strong>Ex&aacute;menes Diagn&oacute;sticos </strong>contamos con Pentacam de alta resoluci&oacute;n para una adecuada evaluaci&oacute;n del paciente con glaucoma.&nbsp;&nbsp;&nbsp;</p>\r\n', 'pentacam-para-queratocono', 2, '2017-01-10 10:52:20', '2017-01-10 10:52:20'),
(20, 'Pentacam para cirugía refractiva', '<p>El <strong>Pentacam</strong> permite realizar una evaluaci&oacute;n muy precisa de la estructura corneal, analizando su espesor, su curvatura y las condiciones de la cara anterior y posterior de la c&oacute;rnea con el fin de conocer si es o no un buen candidato para realizar cirug&iacute;a refractiva, ya sea mediante l&aacute;ser o mediante el uso de lentes intraoculares.</p>\r\n\r\n<p>&nbsp;</p>\r\n\r\n<p>En <strong>Ex&aacute;menes Diagn&oacute;sticos </strong>contamos con Pentacam de alta resoluci&oacute;n para una adecuada evaluaci&oacute;n del paciente pre y post cirug&iacute;a refractiva.&nbsp;&nbsp;&nbsp;</p>\r\n', 'pentacam-para-cirugia-refractiva', 2, '2017-01-10 10:53:11', '2017-01-10 10:53:11'),
(21, 'Paquimetria', '<p>Es la medida del espesor de la c&oacute;rnea en los diferentes sectores de la misma.</p>\r\n\r\n<p><strong>Paquimetr&iacute;a en la evaluaci&oacute;n del glaucoma</strong><br />\r\n<br />\r\nCuando queremos medir la presi&oacute;n interna de un bal&oacute;n o de la llanta de un carro, contamos con un orificio y dispositivo para entrar en la cavidad interna y medir directamente la presi&oacute;n del aire.&nbsp; Cuando queremos medir la presi&oacute;n interna del ojo, no hay manera de entrar en la cavidad interna para medir directamente esta presi&oacute;n,&nbsp; por lo tanto la presi&oacute;n siempre es tomada sobre las paredes del globo ocular, normalmente sobre la c&oacute;rnea.&nbsp; El espesor de la c&oacute;rnea influye en la medida de la presi&oacute;n ocular, directamente proporcional a su paquimetr&iacute;a o espesor;&nbsp; cuando la c&oacute;rnea es gruesa, es una cornea m&aacute;s dura y nos da una falsa presi&oacute;n alta y cuando es delgada es m&aacute;s blanda y nos da una falsa presi&oacute;n baja, encontr&aacute;ndose desviaciones hasta de 10 mm de Hg por efecto del espesor de la c&oacute;rnea.</p>\r\n\r\n<p><strong>Paquimetr&iacute;a en la evaluaci&oacute;n del queratocono</strong></p>\r\n\r\n<p>El queratocono es una enfermedad degenerativa de la c&oacute;rnea en la que se vuelve m&aacute;s fina y la hace deformarse en forma de cono.&nbsp; La medida de su espesor o paquimetr&iacute;a es fundamental para el diagn&oacute;stico, seguimiento y manejo del queratocono.</p>\r\n\r\n<p><strong>Paquimetr&iacute;a en pacientes usuarios de lentes de contacto</strong><br />\r\n<br />\r\nLos usuarios de lentes de contacto deben hacer este examen previos a la adaptaci&oacute;n y &nbsp;peri&oacute;dicamente para identificar alteraciones que contraindiquen el uso del lente de contacto.&nbsp; Estudios han revelado que incluso un lente de contacto con adaptaci&oacute;n perfecta adelgaza la c&oacute;rnea hasta 4 micras por a&ntilde;o.</p>\r\n', 'paquimetria', 2, '2017-01-10 10:54:16', '2017-01-10 10:54:32'),
(22, 'Pupilometría', '<p>Examen realizado con analizador de frente de onda iTRACEY, el cual reproduce caracter&iacute;sticas del sistema &oacute;ptico del ojo, mediante el an&aacute;lisis de 256 puntos consecutivos de l&aacute;ser, proporcionando informaci&oacute;n precisa y detallada de la medici&oacute;n del tama&ntilde;o de la pupila y su comportamiento ante determinados est&iacute;mulos.&nbsp; Este examen ocular es obligatorio &nbsp;antes de realizar cualquier tipo de cirug&iacute;a refractiva y para realizar implantes de anillos intraestromales en queratocono, dependiendo del tama&ntilde;o de la pupila depender&aacute; el tama&ntilde;o de la c&oacute;rnea a tratar en cirug&iacute;a refractiva y el tama&ntilde;o de los anillos intraestromales en queratocono. &nbsp;El valor se da en d&eacute;cimas de mil&iacute;metro.</p>\r\n', 'pupilometria', 2, '2017-01-10 10:56:10', '2017-01-10 10:56:10'),
(23, 'Biometría', '<p>Es la medida de la longitud axial del ojo con el fin de realizar el c&aacute;lculo del poder de un lente intraocular.</p>\r\n\r\n<p>Examen realizado con regla biom&eacute;trica Lenstar (OB 820), la cual cuenta con un sistema patentado de detecci&oacute;n inteligente que asegura que todas las mediciones son realizadas en el eje visual del paciente, ayudando de esta manera a proporcionar medidas m&aacute;s precisas y confiables, puntualmente en la medici&oacute;n en la longitud axial del ojo, con el fin de calcular la medida del lente intraocular previo a una cirug&iacute;a para su implante.</p>\r\n\r\n<p>&nbsp;</p>\r\n\r\n<p>Para la realizaci&oacute;n de la biometr&iacute;a no se requiere ninguna preparaci&oacute;n especial y los resultados son entregados de forma inmediata.</p>\r\n', 'biometria', 3, '2017-01-10 10:57:35', '2017-01-10 10:57:35'),
(24, 'Campo Visual Humphrey', '<p>El campo visual es la porci&oacute;n del espacio que un ojo es capaz de ver sin realizar ning&uacute;n tipo de movimiento; varias enfermedades pueden afectar nuestro campo visual incluyendo enfermedades neurol&oacute;gicas, enfermedades del nervio &oacute;ptico, enfermedades de la retina entre otras. &nbsp;</p>\r\n\r\n<p>&nbsp;</p>\r\n\r\n<p>En ex&aacute;menes diagn&oacute;sticos, realizamos la evaluaci&oacute;n del campo visual o campimetr&iacute;a con per&iacute;metro Humphrey con medici&oacute;n del umbral mediante estrategia SITA, con el fin de medir la sensibilidad de la retina en diferentes puntos para determinar el campo visual o porci&oacute;n del espacio que el ojo es capaz de ver, facilitando el diagn&oacute;stico y seguimiento de diferentes enfermedades oftalmol&oacute;gicas o cerebrales que pueden ocasionar disminuci&oacute;n de su amplitud. &nbsp;Igualmente contamos con otras tecnolog&iacute;as que pueden ser utilizadas de acuerdo a las necesidades espec&iacute;ficas de cada paciente.</p>\r\n', 'campo-visual-humphrey', 4, '2017-01-10 10:59:03', '2017-01-10 10:59:03'),
(25, 'Campo Visual de nervio óptico', '<p>Existen varias afecciones del nervio &oacute;ptico que pueden comprometer nuestro campo visual o campimetr&iacute;a, siendo la principal el glaucoma.&nbsp; En el glaucoma se presenta un da&ntilde;o en el nervio &oacute;ptico, lo cual ocasiona una alteraci&oacute;n en el campo visual que puede ser identificado y monitoreado con la ayuda del examen de campo visual computarizado o campimetr&iacute;a.</p>\r\n\r\n<p>&nbsp;</p>\r\n\r\n<p>En ex&aacute;menes diagn&oacute;sticos contamos con una gran variedad de equipos de campo visual para cada necesidad.</p>\r\n', 'campo-visual-de-nervio-optico', 4, '2017-01-10 11:00:23', '2017-01-10 11:00:23'),
(26, 'Campo Visual de mácula', '<p>Eval&uacute;a la parte central del campo visual o la correspondiente a los 10&ordm; y es &uacute;til en los siguientes casos:</p>\r\n\r\n<ul>\r\n	<li>Paciente con deterioro macular como el evidenciado en <a href="http://www.altavision.com.co/retinopatia%20diabetica.php" target="_blank">retinopat&iacute;a diab&eacute;tica</a>, <a href="http://www.altavision.com.co/degeneracion%20macular.php" target="_blank">degeneraci&oacute;n macular</a>, edema macular cistoide, <a href="http://www.altavision.com.co/agujero%20macular.php" target="_blank">agujeros maculares</a>.</li>\r\n	<li>Pacientes con glaucoma que tienen un gran compromiso en el campo visual.</li>\r\n</ul>\r\n\r\n<p>En el paciente con patolog&iacute;a de la m&aacute;cula, t&iacute;picamente se ve afectada la visi&oacute;n central a diferencia del paciente con glaucoma que se afecta la visi&oacute;n perif&eacute;rica, por este motivo la estrategia usada para la evaluaci&oacute;n del campo visual es diferente.</p>\r\n', 'campo-visual-de-macula', 4, '2017-01-10 11:01:44', '2017-01-10 11:01:44'),
(27, 'Campo visual FDT', '<p>En el glaucoma se presenta un da&ntilde;o en el nervio &oacute;ptico, lo cual ocasiona una alteraci&oacute;n en el campo visual que puede ser identificado y monitoreado con la ayuda del examen de campo visual computarizado o campimetr&iacute;a. En el caso del campo visual FDT eval&uacute;a una subpoblaci&oacute;n de c&eacute;lulas del nervio &oacute;ptico, denominadas c&eacute;lulas M o magno celulares, las cuales son las primeras en deteriorarse en los pacientes con glaucoma, de esta manera se obtiene el diagn&oacute;stico de una manera m&aacute;s oportuna que con otras tecnolog&iacute;as de campo visual.</p>\r\n', 'campo-visual-fdt', 4, '2017-01-10 11:02:51', '2017-01-10 11:02:51'),
(28, 'Aberrometría', '<p>Los defectos en la visi&oacute;n tienen diferentes componentes llamados aberraciones de orden inferior y aberraciones de orden superior, las aberraciones de orden inferior comprenden la miop&iacute;a, la hipermetrop&iacute;a y el astigmatismo; estas aberraciones son diagnosticadas f&aacute;cilmente con el examen para formulaci&oacute;n de gafas y se pueden corregir con lentes de contacto, gafas o cirug&iacute;a l&aacute;ser convencional. Las aberraciones de orden superior son un grupo de alteraciones igualmente importantes que afectan directamente la calidad visual, estas aberraciones s&oacute;lo pueden ser identificadas con un examen de aberrometr&iacute;a.</p>\r\n\r\n<p>En general se podr&iacute;a decir que aberraciones son un componente del sistema visual que determina la calidad visual, su correcta identificaci&oacute;n y manejo son fundamentales para lograr un buen resultado en cirug&iacute;a refractiva, manejo del paciente con queratocono.&nbsp;&nbsp; Tambi&eacute;n es un examen ideal para la formulaci&oacute;n de gafas en ni&ntilde;os cuando se requiere alta precisi&oacute;n.</p>\r\n\r\n<p>&nbsp;</p>\r\n\r\n<p>En ex&aacute;menes diagn&oacute;sticos este examen es realizado con analizador de frente de onda iTRACEY, el cual reproduce caracter&iacute;sticas del sistema &oacute;ptico del ojo mediante el an&aacute;lisis de 256 puntos consecutivos de l&aacute;ser, proporcionando informaci&oacute;n precisa y detallada del estado refractivo ocular, puntualmente en la medici&oacute;n de las aberraciones presentes en la c&oacute;rnea y el cristalino en condiciones escot&oacute;picas.</p>\r\n', 'aberrometria', 5, '2017-01-10 11:04:04', '2017-01-10 11:04:04'),
(29, 'Adenovirus', '<p>Examen realizado con el fin de identificar la presencia de adenovirus causante de conjuntivitis infecciosa. En ex&aacute;menes diagn&oacute;sticos utilizamos el Kit de AdenoPlus&reg;, el cual utiliza la tecnolog&iacute;a de micro filtraci&oacute;n de muestreo directo para captar la prote&iacute;na hex&oacute;n del adenovirus entre los anticuerpos monoclonales espec&iacute;ficos de la prueba.</p>\r\n\r\n<p>Es un examen indoloro, que no requiere ninguna preparaci&oacute;n, el an&aacute;lisis de los resultados es entregado a la hora.</p>\r\n', 'adenovirus', 5, '2017-01-10 11:04:50', '2017-01-10 11:04:50'),
(30, 'Amplitud de acomodación', '<p>Examen realizado con el fin de medir la habilidad del sistema visual para aumentar el poder di&oacute;ptrico del ojo a trav&eacute;s de la contracci&oacute;n del m&uacute;sculo ciliar con los correspondientes cambios del cristalino, incluye evaluaci&oacute;n monocular y binocular.</p>\r\n\r\n<p>&nbsp;</p>\r\n\r\n<p>La evaluaci&oacute;n de la amplitud de acomodaci&oacute;n no requiere ninguna preparaci&oacute;n especial y sus resultados son entregados de forma inmediata.</p>\r\n', 'amplitud-de-acomodacion', 5, '2017-01-10 11:05:35', '2017-01-10 11:05:35'),
(31, 'Análisis flujo sanguíneo ocular (BFA)', '<p>La medida del flujo sangu&iacute;neo ocular es un examen que determina la cantidad de sangre en que ingresa al ojo en un determinado momento, es &uacute;til en la evaluaci&oacute;n del paciente con glaucoma y en las alteraciones oculares en las que sospecha una disminuci&oacute;n del flujo sangu&iacute;neo.</p>\r\n', 'analisis-flujo-sanguineo-ocular-bfa', 5, '2017-01-10 11:06:12', '2017-01-10 11:06:12'),
(32, 'Análisis función lagrimal', '<p>Examen realizado con analizador digital de la funci&oacute;n lagrimal Tearscope, el cual permite la evaluaci&oacute;n de la pel&iacute;cula lagrimal de manera no invasiva, sin contacto, sin tinciones, sin estimulaci&oacute;n t&eacute;rmica y sin alterar las condiciones naturales de las l&aacute;grimas.</p>\r\n\r\n<p>Durante el estudio se realiza comparaci&oacute;n de los resultados obtenidos con diferentes patrones de interferencia de la capa lip&iacute;dica anterior de la pel&iacute;cula lagrimal, con lo cual se estima el espesor de la capa lip&iacute;dica de las l&aacute;grimas.</p>\r\n\r\n<p>&nbsp;&nbsp;Ventajas</p>\r\n\r\n<ol>\r\n	<li>Determina la cantidad y calidad de las l&aacute;grimas de una forma muy precisa y no invasiva.</li>\r\n	<li>El TEARSCOPE eval&uacute;a la estabilidad de la capa lagrimal sin ning&uacute;n tipo de contacto con el ojo.</li>\r\n	<li>Eval&uacute;a de forma precisa el menisco lagrimal o reservorio de l&aacute;grimas.</li>\r\n	<li>Eval&uacute;a si se presentan irregularidades en la superficie de la c&oacute;rnea.</li>\r\n	<li>Permite evaluar si es o no un buen candidato para el uso de lentes de contacto y la respuesta del ojo a los lentes.</li>\r\n	<li>Permite evaluar si se es un buen candidato para cirug&iacute;a refractiva.</li>\r\n	<li>Determina las caracter&iacute;sticas de la capa lip&iacute;dica de las l&aacute;grimas.</li>\r\n	<li>El TEARSCOPE permite monitorear la respuesta a los diferentes tratamientos para ojo seco.</li>\r\n</ol>\r\n', 'analisis-funcion-lagrimal', 5, '2017-01-10 11:06:53', '2017-01-10 11:06:53'),
(33, 'Análisis función visual con Tracey', '<p>Es una medida completa de la calidad visual del ojo, esencial para determinar qu&eacute; tipo de tratamiento refractivo realizar en los paciente con miop&iacute;a, hipermetrop&iacute;a, astigmatismo, catarata temprana, ambliop&iacute;a o queratocono.<br />\r\nEste estudi&oacute; utiliza un sistema l&aacute;ser que permite evaluar la formaci&oacute;n de la imagen dentro del ojo, e incluye los siguientes an&aacute;lisis:</p>\r\n\r\n<ul>\r\n	<li>Calidad visual en la noche y el d&iacute;a.</li>\r\n	<li>Sensibilidad al contraste digital.</li>\r\n	<li>Medici&oacute;n de las aberraciones totales, lenticulares y corn&eacute;ales.</li>\r\n	<li>Medici&oacute;n del volumen de acomodaci&oacute;n, &uacute;til en pacientes pr&eacute;sbitas que se someter&aacute;n a cirug&iacute;a refractiva.</li>\r\n	<li>Pupilometr&iacute;a en diferentes condiciones de iluminaci&oacute;n.</li>\r\n	<li>Aberraciones lenticulares &uacute;tiles para determinar la necesidad de cirug&iacute;a de catarata temprana.</li>\r\n</ul>\r\n\r\n<p>Este examen es realizado con analizador de frente de onda iTRACEY, el cual reproduce caracter&iacute;sticas del sistema &oacute;ptico del ojo mediante el an&aacute;lisis de 256 puntos consecutivos de l&aacute;ser, proporcionando informaci&oacute;n precisa y detallada del estado refractivo ocular en condiciones escot&oacute;picas.</p>\r\n', 'analisis-funcion-visual-con-tracey', 5, '2017-01-10 11:07:26', '2017-01-10 11:07:26'),
(34, 'Citología de impresión', '<p>La citolog&iacute;a de impresi&oacute;n es la evaluaci&oacute;n histol&oacute;gica de las c&eacute;lulas superficiales del ojo, tanto de la c&oacute;rnea como de la conjuntiva.</p>\r\n\r\n<p>Las muestras en la citolog&iacute;a de impresi&oacute;n se toman por el contacto de un peque&ntilde;o fragmento de filtro especial con la conjuntiva, no produce dolor alguno y la toma de la muestra dura unos pocos segundos, el an&aacute;lisis de los resultados tomar&aacute; algunos d&iacute;as.</p>\r\n\r\n<p>&nbsp;</p>\r\n\r\n<p>Utilidad de la citolog&iacute;a de impresi&oacute;n</p>\r\n\r\n<ul>\r\n	<li>Estudio de enfermedades tumorales de la superficie ocular.</li>\r\n	<li>S&iacute;ndrome de ojo seco, incluyendo el asociado a s&iacute;ndrome de Sj&ouml;gren y ojo seco por deficiencia de vitamina A.</li>\r\n	<li>Inflamaciones secundarias al uso de lentes de contacto.</li>\r\n	<li>Inflamaciones oculares secundarias al uso de medicamentos para glaucoma.</li>\r\n	<li>Inflamaciones oculares de larga evoluci&oacute;n.</li>\r\n	<li>Inflamaciones oculares de dif&iacute;cil tratamiento.</li>\r\n</ul>\r\n', 'citologia-de-impresion', 5, '2017-01-10 11:08:00', '2017-01-10 11:08:00'),
(35, 'Curva de presión', '<p>La presi&oacute;n intraocular en el paciente con glaucoma es en la mayor&iacute;a de las ocasiones variable a trav&eacute;s del d&iacute;a, el examen de curva de presi&oacute;n es la medici&oacute;n de la presi&oacute;n ocular que se realiza durante un d&iacute;a o una noche para establecer variaciones y picos de presi&oacute;n, se realiza idealmente con un ton&oacute;metro electr&oacute;nico y durante un tiempo m&iacute;nimo de 12 horas. Este examen es obligatorio en los siguientes casos:</p>\r\n\r\n<ol>\r\n	<li>En todos los pacientes con sospecha de glaucoma, deterioro en el campo visual y/o otros signos sugestivos de la enfermedad y que en una toma de presi&oacute;n aislada se les encuentra una presi&oacute;n normal.</li>\r\n	<li>En todos los pacientes con diagn&oacute;stico de glaucoma de presi&oacute;n normal.</li>\r\n	<li>En todos los pacientes a quienes se les confirma el diagn&oacute;stico de glaucoma de &aacute;ngulo abierto. Sin este examen no se podr&aacute; identificar la presi&oacute;n m&aacute;xima durante el d&iacute;a sobre la cual se debe ajustar el tratamiento correcto para mantener estable la presi&oacute;n y detener el da&ntilde;o irreversible causado por glaucoma.&nbsp;</li>\r\n	<li>En los pacientes que desean verificar la efectividad del tratamiento en uso para control del glaucoma o pacientes en quienes no se est&aacute; seguro que la terapia cumpla totalmente su funci&oacute;n.</li>\r\n</ol>\r\n\r\n<p>Este examen es realizado con ton&oacute;metro electr&oacute;nico de no contacto Reichert, el cual permite mediciones r&aacute;pidas y precisas de la presi&oacute;n intraocular sin contacto con el ojo del paciente. El estudio incluye la medici&oacute;n de la presi&oacute;n interna del ojo durante un periodo de 10 horas, con el fin de conocer las fluctuaciones de la presi&oacute;n intraocular presentes en un d&iacute;a.</p>\r\n', 'curva-de-presion', 5, '2017-01-10 11:08:36', '2017-01-10 11:08:36'),
(36, 'Demodex', '<p>El Dem&oacute;dex es un &aacute;caro muy peque&ntilde;o que puede vivir en el fol&iacute;culo piloso de las pesta&ntilde;as causando con frecuencia inflamaci&oacute;n, deformaci&oacute;n del p&aacute;rpado, p&eacute;rdida de las pesta&ntilde;as e infecciones sobre agregadas.</p>\r\n\r\n<p>&nbsp;</p>\r\n\r\n<p>El examen se realiza con el fin de identificar este &aacute;caro causante de la blefaritis eccematosa cr&oacute;nica y proporcionar el tratamiento espec&iacute;fico de la misma.</p>\r\n', 'demodex', 5, '2017-01-10 11:09:27', '2017-01-10 11:09:27'),
(37, 'Discriminación del color', '<p>Esta prueba es realizada con el test Farnsworth Lantern Flashlight, con el fin de verificar la capacidad del sistema visual para discriminar los colores rojo / verde en pacientes con sospecha o diagn&oacute;stico de trastornos en la visi&oacute;n crom&aacute;tica.</p>\r\n\r\n<p>&nbsp;</p>\r\n\r\n<p>Durante la prueba se muestran en orden aleatorio diferentes combinaciones de est&iacute;mulos estandarizadas de rojo, verde o amarillo, en las cuales el examinado debe identificar los diferentes colores.&nbsp; Esta prueba permite evaluar la capacidad que tiene el paciente para discriminar estos colores a pesar de presentar una deficiencia en la visi&oacute;n del color.</p>\r\n', 'discriminacion-del-color', 5, '2017-01-10 11:10:07', '2017-01-10 11:10:07'),
(38, 'Estereopsis', '<p>La estereopsis es la capacidad que tiene nuestro sistema visual de formar una imagen tridimensional, esta capacidad se debe evaluar en personas que realizan trabajos que requieren la visi&oacute;n binocular como conductores, pilotos, trabajadores de maquinaria pesada, trabajadores en alturas entre otros; igualmente es importante en la evaluaci&oacute;n del paciente con ambliop&iacute;a y con estrabismo.</p>\r\n\r\n<p>&nbsp;</p>\r\n\r\n<p>Este examen se realiza con la prueba de visi&oacute;n estereosc&oacute;pica Titmus, con el fin de evaluar la capacidad del sistema visual de identificar la tridimensionalidad de una escena visual en la percepci&oacute;n profunda m&aacute;s fina entre 3000 y 40 segundos de arco. Es un examen cuyos resultados son entregados de forma inmediata.</p>\r\n', 'estereopsis', 5, '2017-01-10 11:10:55', '2017-01-10 11:10:55'),
(39, 'Estesiometría', '<p>La estesiometr&iacute;a es la medida de la sensibilidad de la c&oacute;rnea, condici&oacute;n que se puede afectar en los pacientes con diabetes, herpes ocular, usuarios de lentes de contacto y en algunos tipos de ojo seco.&nbsp;&nbsp;</p>\r\n\r\n<p>&nbsp;</p>\r\n\r\n<p>Este examen es realizado con estesi&oacute;metro de Luneau Cochet-Bonnet, el cual consta de un filamento flexible, fino y retr&aacute;ctil que mide num&eacute;ricamente la sensibilidad de la c&oacute;rnea en los sectores superior, inferior, central, nasal y temporal de la c&oacute;rnea.&nbsp; Los resultados son entregados de forma inmediata.</p>\r\n', 'estesiometria', 5, '2017-01-10 11:11:47', '2017-01-10 11:11:47'),
(40, 'Farnsworth D100 test de color', '<p>Las pruebas de visi&oacute;n de colores o test de Farnsworth son un grupo de instrumentos coloreados con pigmentos especiales con una saturaci&oacute;n y luminosidad constante, que permiten una clasificaci&oacute;n exacta del tipo de defecto al color.</p>\r\n\r\n<p>Estas pruebas deben realizarse en los siguientes casos:</p>\r\n\r\n<ol>\r\n	<li>Pacientes en quienes el test de Ishihara&nbsp; es anormal.</li>\r\n	<li>Pacientes con consumo de Cloroquina y otras medicaciones que pueden causar toxicidad macular.</li>\r\n	<li>Pacientes con inflamaci&oacute;n o sospecha de inflamaci&oacute;n del nervio &oacute;ptico.</li>\r\n	<li>Pacientes con actividad laboral en la que la discriminaci&oacute;n adecuada del color es necesaria.</li>\r\n</ol>\r\n\r\n<p>El examen es realizado con el test de Farnsworth D100, con el fin de identificar trastornos en la visi&oacute;n crom&aacute;tica. Durante la prueba el paciente debe ordenar 100 objetivos coloreados con pigmentos especiales con una saturaci&oacute;n y luminosidad constante, formando una transici&oacute;n gradual de los mismos. La comparaci&oacute;n del orden establecido por el paciente y el orden correcto, permite identificar y clasificar a fondo las alteraciones de la visi&oacute;n del color, permitiendo conocer el tipo de defecto al color.</p>\r\n', 'farnsworth-d100-test-de-color', 5, '2017-01-10 11:12:34', '2017-01-10 11:12:34'),
(41, 'Farnsworth D15 test de color', '<p>Las pruebas de visi&oacute;n de colores o test de Farnsworth son un grupo de instrumentos coloreados con pigmentos especiales con una saturaci&oacute;n y luminosidad constante, que permiten una clasificaci&oacute;n exacta del tipo de defecto al color.</p>\r\n\r\n<p>Estas pruebas deben realizarse en los siguientes casos:</p>\r\n\r\n<ol>\r\n	<li>Pacientes en quienes el test de Ishihara&nbsp; es anormal.</li>\r\n	<li>Pacientes con consumo de Cloroquina y otras medicaciones que pueden causar toxicidad macular.</li>\r\n	<li>Pacientes con inflamaci&oacute;n o sospecha de inflamaci&oacute;n del nervio &oacute;ptico.</li>\r\n	<li>Pacientes con actividad laboral en la que la discriminaci&oacute;n adecuada del color es necesaria.</li>\r\n</ol>\r\n\r\n<p>El examen es realizado con el test de Farnsworth D100, con el fin de identificar trastornos en la visi&oacute;n crom&aacute;tica. Durante la prueba el paciente debe ordenar 100 objetivos coloreados con pigmentos especiales con una saturaci&oacute;n y luminosidad constante, formando una transici&oacute;n gradual de los mismos. La comparaci&oacute;n del orden establecido por el paciente y el orden correcto, permite identificar y clasificar a fondo las alteraciones de la visi&oacute;n del color, permitiendo conocer el tipo de defecto al color.</p>\r\n', 'farnsworth-d15-test-de-color', 5, '2017-01-10 11:13:12', '2017-01-10 11:13:12'),
(42, 'Fenómenos entópticos positivos', '<p>Son percepciones visuales que tienen su origen dentro del mismo ojo del paciente, ya sean provenientes de estructuras normales del ojo o de opacidades que se encuentran dentro del mismo.&nbsp; Su evaluaci&oacute;n se realiza con el fin de lograr un par&aacute;metro de evaluaci&oacute;n y poder determinar la necesidad de tratamiento.&nbsp;</p>\r\n\r\n<p>&nbsp;</p>\r\n\r\n<p>El examen es realizado con Brightness Acuity Meter (BAM), con el fin de evaluar la magnitud de los fen&oacute;meno ent&oacute;pticos o est&iacute;mulos visuales, incluyendo la visi&oacute;n de part&iacute;culas que circulan en el cuerpo v&iacute;treo, fosfenos, miodesopsias o manchas, puntos o filamentos suspendidos en el campo visual y fen&oacute;menos ent&oacute;pticos del campo azul.</p>\r\n\r\n<p>&nbsp;</p>\r\n', 'fenomenos-entopticos-positivos', 5, '2017-01-10 11:13:43', '2017-01-10 11:13:43'),
(43, 'Ferning', '<p>Examen realizado con el fin de evaluar la calidad de la pel&iacute;cula lagrimal a trav&eacute;s del proceso de cristalizaci&oacute;n de la capa de mucina. &nbsp;Es una <strong>prueba</strong> que se realiza para evaluar las <strong>caracter&iacute;sticas del componente mucoso</strong> de las <strong>l&aacute;grimas. </strong></p>\r\n\r\n<p>&nbsp;</p>\r\n\r\n<p>Se realiza mediante la toma de una peque&ntilde;a cantidad de l&aacute;grimas (entre 2 y 5 micro litros) &nbsp;para ser analizadas en el laboratorio mediante microscopia.</p>\r\n', 'ferning', 5, '2017-01-10 11:14:14', '2017-01-10 11:14:14');
INSERT INTO `posts` (`id`, `title`, `content`, `slug`, `menu_id`, `created_at`, `updated_at`) VALUES
(44, 'Fotoestrés macular', '<p>Es una prueba utilizada con el fin de evaluar la integridad de la funci&oacute;n macular; esta prueba es especialmente &uacute;til para detectar alteraci&oacute;n funcional temprana secundaria al consumo de cloroquina o hidroxilcloroquina y cuando existen dudas respecto al origen de una disminuci&oacute;n visual, ya que se encuentra alterada en la patolog&iacute;a macular e intacta en la patolog&iacute;a del nervio &oacute;ptico.</p>\r\n\r\n<p>&nbsp;</p>\r\n\r\n<p>Este examen es realizado con Brightness Acuity Meter (BAM), con el fin de evaluar la capacidad de recuperaci&oacute;n de la m&aacute;cula ante un est&iacute;mulo visual sostenido de deslumbramiento, el cual ocasiona una reacci&oacute;n fotoqu&iacute;mica en la retina, insensibiliz&aacute;ndola durante un tiempo, lo cual es anormalmente elevado en la m&aacute;cula enferma.</p>\r\n', 'fotoestres-macular', 5, '2017-01-10 11:14:43', '2017-01-10 11:14:43'),
(45, 'Fotografía segmento anterior', '<p>Son registros o fotograf&iacute;as tomadas a la parte m&aacute;s anterior del ojo, &uacute;tiles para documentar patolog&iacute;as de segmento anterior y los anexos oculares.&nbsp; Son &uacute;tiles para el seguimiento de la patolog&iacute;a a trav&eacute;s del tiempo, especialmente cuando se sospecha patolog&iacute;a tumoral.</p>\r\n', 'fotografia-segmento-anterior', 5, '2017-01-10 11:15:23', '2017-01-10 11:15:23'),
(46, 'Fotografía segmento posterior', '<p>Son registros o fotograf&iacute;as tomadas a la parte m&aacute;s anterior del ojo, &uacute;tiles para documentar patolog&iacute;as de segmento posterior incluyendo retina, m&aacute;cula y nervio &oacute;ptico.&nbsp;&nbsp; Son &uacute;tiles para el seguimiento de la patolog&iacute;a a trav&eacute;s del tiempo, especialmente en retinopat&iacute;a diab&eacute;tica, degeneraci&oacute;n macular relacionada con la edad, nevus (lunares) y glaucoma.</p>\r\n\r\n<p>&nbsp;</p>\r\n', 'fotografia-segmento-posterior', 5, '2017-01-10 11:15:58', '2017-01-10 11:15:58'),
(47, 'Glare o deslumbramiento', '<p>El glare o deslumbramiento es una condici&oacute;n que reduce la calidad visual, ocasionado por una dispersi&oacute;n aumentada de la luz en la retina, esta condici&oacute;n debe ser medida cuando se tienen dudas respecto a la necesidad de realizar una cirug&iacute;a de catarata o cuando se quiere evaluar el origen de una disminuci&oacute;n visual que no se explica f&aacute;cilmente con el examen oftalmol&oacute;gico.</p>\r\n\r\n<p>&nbsp;<br />\r\nEl glare se aumenta especialmente en pacientes que presentan catarata y que son expuestos a la luz, lo cual disminuye marcadamente su capacidad de resoluci&oacute;n visual, pero existen otras condiciones que igualmente aumentan el glare&nbsp;como son: opacidades corn&eacute;ales, uso de lentes de contacto en mal estado, opacidades v&iacute;treas, opacidad de la capsula que contiene el lente intraocular posterior a una cirug&iacute;a de catarata, edema y opacidades en la c&oacute;rnea.</p>\r\n\r\n<p>&nbsp;</p>\r\n\r\n<p>Este examen es realizado con Brightness Acuity Meter (BAM), con el fin de evaluar la disminuci&oacute;n en la agudeza visual o capacidad de diferenciar objetos debido al deslumbramiento ocasionado por una dispersi&oacute;n aumentada de la luz en la retina. Durante el examen se mide la agudeza visual de lejos sin y con una fuente estandarizada de deslumbramiento.</p>\r\n', 'glare-o-deslumbramiento', 5, '2017-01-10 11:16:51', '2017-01-10 11:16:51'),
(48, 'Identificación de gérmenes', '<p>Este examen es realizado con el fin de identificar g&eacute;rmenes generadores de procesos infecciosos en la superficie ocular. Para el estudio se toma una muestra de las secreciones la superficie ocular y se analiza mediante coloraci&oacute;n de Gram y se visualiza con microscopio de luz directo a 1000X con aceite de inmersi&oacute;n.</p>\r\n', 'identificacion-de-germenes', 5, '2017-01-10 11:17:30', '2017-01-10 11:17:30'),
(49, 'Interferometría (RAM)', '<p>Cuando &nbsp;se mide la agudeza visual durante la valoraci&oacute;n oftalmol&oacute;gica se eval&uacute;a la respuesta de todo el sistema &oacute;ptico, es decir del sistema conformado por la c&oacute;rnea, el cristalino y la retina.&nbsp; La interferometr&iacute;a permite medir la agudeza visual de la retina, es decir la visi&oacute;n de la retina sin la ayuda de las dem&aacute;s estructuras del sistema visual, esta agudeza visual se conoce como potencial visual.&nbsp; Al realizar la interferometr&iacute;a podemos conocer la agudeza visual esperada despu&eacute;s de una cirug&iacute;a o tratamiento ocular.</p>\r\n\r\n<p>La interferometr&iacute;a es &uacute;til en los siguientes casos</p>\r\n\r\n<ol>\r\n	<li>Pacientes que van a ser sometidos a cualquier intervenci&oacute;n quir&uacute;rgica que busque mejorar la agudeza visual.</li>\r\n	<li>Pacientes con Ambliop&iacute;a.</li>\r\n	<li>Pacientes con Catarata.</li>\r\n	<li>Pacientes con Glaucoma.</li>\r\n	<li>Pacientes con enfermedades maculares.</li>\r\n</ol>\r\n\r\n<p>El examen es realizado con interfer&oacute;metro Retinal Acuity Meter RAM, el cual permite la medici&oacute;n de la agudeza visual retiniana o capacidad teor&iacute;a de visi&oacute;n a trav&eacute;s de la combinaci&oacute;n de tres principios &oacute;pticos: agujero estenop&eacute;ico, &aacute;ngulo visual correcto e iluminaci&oacute;n especial brillante. &nbsp;</p>\r\n', 'interferometria-ram', 5, '2017-01-10 11:18:08', '2017-01-10 11:18:08'),
(50, 'Ishihara test de color', '<p>Es una prueba utilizada para la identificaci&oacute;n y clasificaci&oacute;n de las alteraciones del color.</p>\r\n\r\n<p>&nbsp;</p>\r\n\r\n<p>Este examen es realizado con Test de Ishihara, con el fin de identificar alteraciones en la visi&oacute;n de colores rojo / verde y clasificar la severidad en la deficiencia de visi&oacute;n. Durante la prueba se muestran en orden aleatorio diferentes l&aacute;minas, cada una de las cuales contiene c&iacute;rculos de puntos de colores y tama&ntilde;os aleatorios; en el patr&oacute;n de puntos se forma un n&uacute;mero visible para pacientes con visi&oacute;n normal e invisible o diferente o dif&iacute;cil de ver para pacientes con alteraciones en la visi&oacute;n de colores.</p>\r\n', 'ishihara-test-de-color', 5, '2017-01-10 11:18:50', '2017-01-10 11:18:50'),
(51, 'Longitud axial', '<p>Consiste en la medici&oacute;n del di&aacute;metro antero posterior del ojo, con el fin de lograr un registro del mismo y de su variaci&oacute;n a trav&eacute;s del tiempo, es especialmente &uacute;til cuando se quiere documentar la causa del aumento de la miop&iacute;a.</p>\r\n\r\n<p>&nbsp;</p>\r\n\r\n<p>Este examen es realizado con regla biom&eacute;trica Lenstar (OB 820), el cual cuenta con un sistema patentado de detecci&oacute;n inteligente que asegura que todas las mediciones son realizadas en el eje visual del paciente, ayudando de esta manera a proporcionar medidas m&aacute;s precisas y confiables, puntualmente en la medici&oacute;n en la longitud axial del ojo, con el fin de determinar la causa de la progresi&oacute;n de los defectos refractivos.</p>\r\n', 'longitud-axial', 5, '2017-01-10 11:19:21', '2017-01-10 11:19:21'),
(52, 'Meibografía', '<p>Es el registro de las gl&aacute;ndulas de Meibomio mediante im&aacute;genes infrarrojas con el fin de hacer una evaluaci&oacute;n de su arquitectura.</p>\r\n\r\n<p>&nbsp;</p>\r\n\r\n<p>Estas im&aacute;genes infrarrojas son obtenidas de los p&aacute;rpados de una forma no invasiva, objetiva y haciendo posible la cuantificaci&oacute;n de la p&eacute;rdida de las mismas a trav&eacute;s de la comparaci&oacute;n con un patr&oacute;n estandarizado, es un examen r&aacute;pido e indoloro.</p>\r\n\r\n<p>&nbsp;</p>\r\n\r\n<p>Es especialmente &uacute;til en pacientes con ojo seco de car&aacute;cter evaporativo y permite decidir si es conveniente realizar una canalizaci&oacute;n de las gl&aacute;ndulas de meibomio para restaurar su adecuado funcionamiento.</p>\r\n', 'meibografia', 5, '2017-01-10 11:19:51', '2017-01-10 11:19:51'),
(53, 'Meniscometría', '<p>Es la medici&oacute;n de la cantidad de l&aacute;grimas presentes en la superficie ocular de una manera muy r&aacute;pida y sin contacto con el paciente.</p>\r\n\r\n<p>&nbsp;</p>\r\n\r\n<p>El examen es realizado con tom&oacute;grafo &oacute;ptico OCT TRvue de dominio espectral, el cual permite analizar el menisco lagrimal a trav&eacute;s del escaneo de 26.000 im&aacute;genes por segundo con un nivel de resoluci&oacute;n cercano a 5 micras, condici&oacute;n que permite observar un detalle similar al de un an&aacute;lisis histol&oacute;gico del tejido; realizando as&iacute; una evaluaci&oacute;n objetiva del menisco lagrimal, sin est&iacute;mulos que alteren el resultado.</p>\r\n', 'meniscometria', 5, '2017-01-10 11:20:25', '2017-01-10 11:20:25'),
(54, 'Metaloproteinasas', '<p>El s&iacute;ndrome del ojo seco es una enfermedad de m&uacute;ltiples causas que desestabiliza la pel&iacute;cula lagrimal, el cual se acompa&ntilde;a de &nbsp;&nbsp;aumento en la osmolaridad de la pel&iacute;cula lagrimal e inflamaci&oacute;n de la superficie del ojo. La hiperosmolaridad de la l&aacute;grima contribuye a la inflamaci&oacute;n, la cual provoca que las c&eacute;lulas epiteliales afectadas produzcan niveles elevados de la citoquina MMP-9, quien a su vez acelera el ciclo inflamatorio.</p>\r\n\r\n<p>&nbsp;</p>\r\n\r\n<p>Este examen es realizado con RPS inflammaDry, el cual utiliza tecnolog&iacute;a de micro filtraci&oacute;n de muestreo directo, en la que el marcador inflamatorio MMP-9, en caso de estar presente en la muestra de l&aacute;grimas, es capturado entre los anticuerpos monoclonales y policlonales espec&iacute;ficos.</p>\r\n', 'metaloproteinasas', 5, '2017-01-10 11:21:03', '2017-01-10 11:21:03'),
(55, 'Microperimetría', '<p>Es la evaluaci&oacute;n del campo visual a nivel macular.</p>\r\n\r\n<p>La microperimetr&iacute;a es un examen &nbsp;&nbsp;espec&iacute;fico para determinar los defectos en la visi&oacute;n central y la extensi&oacute;n del da&ntilde;o que producen ciertas enfermedades como degeneraci&oacute;n macular, la toxicidad por cloroquina, la retinopat&iacute;a diab&eacute;tica, el edema macular diab&eacute;tico y la retinopat&iacute;a central serosa.&nbsp; La detecci&oacute;n oportuna de estas enfermedades fundamental para prevenir la p&eacute;rdida visual de manera irreversible.</p>\r\n\r\n<p>Este examen es realizado con microper&iacute;metro Zeiss PHP, el cual permite el desarrollo de una prueba psicof&iacute;sica de la perimetr&iacute;a de hiperagudeza preferencial &uacute;til para identificar y cuantificar metamorfopsias y escotomas de forma 10 veces m&aacute;s sensible que otras pruebas visuales, logrando identificar alteraciones funcionales de la retina de forma m&aacute;s oportuna.</p>\r\n', 'microperimetria', 5, '2017-01-10 11:21:51', '2017-01-10 11:21:51'),
(56, 'Oftalmodinamometría', '<p>Es la medici&oacute;n de la presi&oacute;n en la arteria central de la retina. Es un examen &uacute;til en los pacientes que se sospecha una afecci&oacute;n circulatoria a nivel ocular.</p>\r\n\r\n<p>&nbsp;</p>\r\n\r\n<p>Este examen es realizado con el oftalmodinam&oacute;metro de Bailliart y lente de contacto de goldman. Se realizan varias mediciones consecutivas con el fin de lograr un promedio confiable.</p>\r\n', 'oftalmodinamometria', 5, '2017-01-10 11:22:10', '2017-01-10 11:22:10'),
(57, 'Presión intraocular electrónica', '<p>Este examen es realizado con el ton&oacute;metro electr&oacute;nico de no contacto Reichert, el cual permite mediciones r&aacute;pidas y precisas de la presi&oacute;n intraocular sin contacto con el ojo del paciente. El estudio incluye la medici&oacute;n de la presi&oacute;n interna del ojo en una &uacute;nica toma, con el fin de conocer la presi&oacute;n intraocular en el momento espec&iacute;fico del d&iacute;a en que se realiza la medici&oacute;n.</p>\r\n\r\n<p>&nbsp;</p>\r\n\r\n<p>Entre las ventajas de los equipos electr&oacute;nicos para la toma de presi&oacute;n intraocular se encuentra:</p>\r\n\r\n<ol>\r\n	<li>Cuenta con sistemas de auto calibraci&oacute;n lo que garantiza mediciones exactas.</li>\r\n	<li>Proporcionan lecturas electr&oacute;nicas, en las que no interviene la subjetividad de quien realiza el examen. &nbsp;</li>\r\n	<li>Para realizar el examen no se requiere gran colaboraci&oacute;n del paciente, gracias a esto permite la toma de la presi&oacute;n intraocular en reci&eacute;n nacidos, ni&ntilde;os y pacientes con discapacidad cognitiva.</li>\r\n	<li>Estos equipos cuentan protectores desechables y en los ton&oacute;metros de aire no hay contacto con ninguna estructura del ojo, lo cual elimina la posibilidad de trasmisi&oacute;n de infecciones.</li>\r\n</ol>\r\n', 'presion-intraocular-electronica', 5, '2017-01-10 11:22:40', '2017-01-10 11:22:40'),
(58, 'Prueba de provocación supina', '<p>Muchos pacientes con glaucoma presentan progresi&oacute;n de la enfermedad a pesar de tener tomas de tensi&oacute;n aislada dentro de par&aacute;metros de la normalidad.&nbsp; Este examen permite mejores ajustes en las terapias para glaucoma, a la vez que permite diagn&oacute;sticos m&aacute;s oportunos, se encuentra indicado en los siguientes casos:</p>\r\n\r\n<ol>\r\n	<li>Pacientes con sospecha de glaucoma.</li>\r\n	<li>Pacientes en quienes la enfermedad progresa a pesar de un aparente buen tratamiento.</li>\r\n	<li>Pacientes en quienes se desea un diagn&oacute;stico y tratamiento adecuado del glaucoma.</li>\r\n</ol>\r\n\r\n<p>&nbsp;</p>\r\n\r\n<p>Este examen es realizado con ton&oacute;metro electr&oacute;nico de no contacto Reichert, el cual permite mediciones r&aacute;pidas y precisas de la presi&oacute;n intraocular sin contacto con el ojo del paciente. El estudio incluye la medici&oacute;n de la presi&oacute;n interna del ojo, antes y despu&eacute;s de someter al paciente a condiciones similares a las experimentadas durante el sue&ntilde;o, con el fin de conocer las fluctuaciones presentes durante la posici&oacute;n supina.</p>\r\n', 'prueba-de-provocacion-supina', 5, '2017-01-10 11:23:17', '2017-01-10 11:23:17'),
(59, 'Prueba de sobrecarga hídrica', '<p>Este examen es realizado con ton&oacute;metro electr&oacute;nico de no contacto Reichert, el cual permite mediciones r&aacute;pidas y precisas de la presi&oacute;n intraocular sin contacto con el ojo del paciente. El estudio incluye la medici&oacute;n de la presi&oacute;n interna del ojo antes y despu&eacute;s de la ingesta de 600ml de agua; con el fin de evaluar el estado del sistema de drenaje del humor acuoso del ojo y analizar la capacidad del ojo para controlar su presi&oacute;n interna. La ingesta de l&iacute;quido tardo aproximadamente 15 minutos y la presi&oacute;n intraocular se tom&oacute; en los minutos 0, 20, 40, 60 y 120 posterior a la carga h&iacute;drica.</p>\r\n\r\n<p>&nbsp;</p>\r\n\r\n<p>Este examen es &uacute;til en los siguientes casos</p>\r\n\r\n<ol>\r\n	<li>Pacientes con sospecha de glaucoma.</li>\r\n	<li>Pacientes con diagn&oacute;stico de glaucoma, antes de iniciar la terapia.</li>\r\n	<li>Pacientes con glaucoma en quienes progresa la enfermedad a pesar del tratamiento.</li>\r\n</ol>\r\n', 'prueba-de-sobrecarga-hidrica', 5, '2017-01-10 11:23:59', '2017-01-10 11:23:59'),
(60, 'Recuento de células endoteliales', '<p>La microscopia especular o recuento de c&eacute;lulas endoteliales, realiza una evaluaci&oacute;n de la cantidad y calidad de las c&eacute;lulas endoteliales.&nbsp; Es necesaria cuando se requiere evaluar el estado de salud de la c&oacute;rnea, la presencia de distrofias a nivel corneal, la posibilidad de rechazo en un trasplante de c&oacute;rnea y si la c&oacute;rnea es o no es resistente para algunos procedimientos.&nbsp; Este examen es realizado con microscopio especular KONAN; el cual a trav&eacute;s de una fuente de luz con &aacute;ngulo de incidencia fijo y un conjunto &oacute;ptico para magnificaci&oacute;n y captaci&oacute;n de imagen reflejada, permite evaluar la cantidad y calidad del endotelio corneal o capa interna de la c&oacute;rnea</p>\r\n\r\n<p>El recuento de c&eacute;lulas endoteliales, es indispensable en los siguientes casos:</p>\r\n\r\n<ul>\r\n	<li>Adaptaci&oacute;n de lentes de contacto y usuarios cr&oacute;nicos.</li>\r\n	<li>Edema de c&oacute;rnea sin explicaci&oacute;n.</li>\r\n	<li>Sospecha de distrofia corneal.</li>\r\n	<li>Pacientes trasplantados de c&oacute;rnea.</li>\r\n	<li>Traumatismo corneal.</li>\r\n	<li>Queratopat&iacute;a bullosa.</li>\r\n	<li>Queratocono y ectasia corneal en algunos casos.</li>\r\n	<li>Erosiones epiteliales recurrentes.</li>\r\n	<li>Implante de lente intraocular secundario.</li>\r\n	<li>Pacientes a quienes se les realizar&aacute; cirug&iacute;a de lente intraocular f&aacute;quico.</li>\r\n	<li>Pacientes a quienes se les realizar&aacute; cirug&iacute;a de catarata.</li>\r\n</ul>\r\n', 'recuento-de-celulas-endoteliales', 5, '2017-01-10 11:24:43', '2017-01-10 11:24:43'),
(61, 'Refracción dinámica', '<p>Examen realizado con analizador de frente de onda iTRACEY, el cual reproduce caracter&iacute;sticas del sistema &oacute;ptico del ojo mediante el an&aacute;lisis de 256 puntos consecutivos de l&aacute;ser, proporcionando informaci&oacute;n precisa y detallada del estado refractivo ocular, puntualmente en las condiciones refractivas del ojo en diferentes condiciones de acomodaci&oacute;n y de esta manera tomar las decisiones correctas en un paciente que se someter&aacute; a cirug&iacute;a refractiva.&nbsp;&nbsp; Igualmente nos brinda informaci&oacute;n importante acerca de la calidad visual del ojo.</p>\r\n', 'refraccion-dinamica', 5, '2017-01-10 11:25:24', '2017-01-10 11:25:24'),
(62, 'Sensibilidad al contraste', '<p>La sensibilidad al contraste es la medida de la calidad visual, la cual es diferente de la cantidad visual, mide la habilidad del sistema visual para distinguir entre un objeto y el fondo sobre el cual el objeto se encuentra.&nbsp; Un ejemplo para entender la diferencia entre un alto y bajo contraste es imaginar un gato negro en un fondo de nieve blanca (alto contraste) y un gato blanco en un fondo de nieve blanca (bajo contraste).&nbsp;</p>\r\n\r\n<p>Su principal ventaja es que proporciona informaci&oacute;n completa y real del estado visual del paciente, adem&aacute;s de servir para identificaci&oacute;n temprana de muchas enfermedades entre las que se encuentran: ambliop&iacute;a, cataratas, glaucoma, Alzheimer, SIDA, degeneraci&oacute;n macular, diabetes, toxicidad por cloroquina e hidroxicloroquina.</p>\r\n\r\n<p>Este examen es realizado con evaluador visual Optec, el cual permite la medici&oacute;n de la calidad visual a trav&eacute;s de la evaluaci&oacute;n de la habilidad del sistema visual para distinguir entre un objeto y el fondo sobre el cual se encuentra. La prueba se puede realizar bajo condiciones con y sin deslumbramiento.</p>\r\n', 'sensibilidad-al-contraste', 5, '2017-01-10 11:25:57', '2017-01-10 11:25:57'),
(63, 'Sensibilidad al contraste con deslumbramiento', '<p>El glare o deslumbramiento es una condici&oacute;n que reduce la calidad visual, ocasionado por una dispersi&oacute;n aumentada de la luz en la retina, esta condici&oacute;n debe ser medida cuando se tienen dudas respecto a la necesidad de realizar una cirug&iacute;a de catarata o cuando se quiere evaluar el origen de una disminuci&oacute;n visual que no se explica f&aacute;cilmente con el examen oftalmol&oacute;gico.</p>\r\n\r\n<p>&nbsp;</p>\r\n\r\n<p>El glare se aumenta especialmente en pacientes que presentan catarata y que son expuestos a la luz, lo cual disminuye marcadamente su capacidad de resoluci&oacute;n visual. Se presenta debido a que el lente del cristalino opaco o con catarata produce dispersi&oacute;n del rayo de luz cuando este lo atraviesa para ingresar al ojo.</p>\r\n\r\n<p>&nbsp;</p>\r\n\r\n<p>El glare o deslumbramiento es una de las principales causas de accidentes de tr&aacute;nsito en los pacientes con catarata.&nbsp;</p>\r\n\r\n<p>&nbsp;</p>\r\n\r\n<p>Este examen es realizado con evaluador visual Optec, el cual permite la medici&oacute;n de la calidad visual a trav&eacute;s de la evaluaci&oacute;n de la habilidad del sistema visual para distinguir entre un objeto y el fondo sobre el cual se encuentra. &nbsp;</p>\r\n', 'sensibilidad-al-contraste-con-deslumbramiento', 5, '2017-01-10 11:26:37', '2017-01-10 11:26:37'),
(64, 'Tinción de la superficie ocular', '<p>Examen realizado mediante tinci&oacute;n de la superficie corneal con verde de lisamina y rosa de bengala, colores naturales que permiten la tinci&oacute;n de las c&eacute;lulas degeneradas y los filamentos de moco presentes en la pel&iacute;cula lagrimal, as&iacute; como las c&eacute;lulas descamadas, c&eacute;lulas con tendencia a la queratinizaci&oacute;n y puntos de erosi&oacute;n corneal epitelial. Despu&eacute;s de cada tinci&oacute;n se clasifica el grado de lesi&oacute;n de la superficie ocular de acuerdo con el sistema de clasificaci&oacute;n de Oxford.</p>\r\n\r\n<p>&nbsp;</p>\r\n\r\n<p>El rosa de bengala es un colorante natural que ti&ntilde;e los filamentos mucosos y las c&eacute;lulas desvitalizadas, de la superficie de la c&oacute;rnea.&nbsp; Igualmente resalta la las zonas de la c&oacute;rnea que no tienen una buena protecci&oacute;n de l&aacute;grimas. &nbsp;Es un componente fundamental en la evaluaci&oacute;n de cualquier paciente en quien se diagnostica o sospecha s&iacute;ndrome de ojo seco, es un examen r&aacute;pido e indoloro</p>\r\n', 'tincion-de-la-superficie-ocular', 5, '2017-01-10 11:27:34', '2017-01-10 11:27:34'),
(65, 'Topografía de córnea por reflexión', '<p>Examen realizado con top&oacute;grafo por reflexi&oacute;n EyeSys, el cual reproduce caracter&iacute;sticas de la superficie del ojo, puntualmente en el an&aacute;lisis de la forma de la c&oacute;rnea, cuantificaci&oacute;n del poder de las diferentes curvaturas corneales y clasificaci&oacute;n de deformaciones normales o deformaciones generadas por condiciones degenerativas de la c&oacute;rnea.</p>\r\n\r\n<p>La topograf&iacute;a corneal es un an&aacute;lisis de la superficie de la c&oacute;rnea, que permite evaluar la forma y cuantificar el poder de las diferentes curvaturas, adicionalmente determina si se trata de deformaciones normales o deformaciones por enfermedades degenerativas como el queratocono.</p>\r\n\r\n<p>La topograf&iacute;a de c&oacute;rnea es un estudio, que se debe realizar en toda consulta oftalmol&oacute;gica, pero especialmente en los siguientes casos:</p>\r\n\r\n<ol>\r\n	<li>Ni&ntilde;os que requieren adaptaci&oacute;n de gafas.</li>\r\n	<li>Pacientes con astigmatismo superior a 3 dioptr&iacute;as.</li>\r\n	<li>Ni&ntilde;o en los que la formula cambia m&aacute;s de 0.75 dioptr&iacute;as por a&ntilde;o.</li>\r\n	<li>Adulto en los que la f&oacute;rmula para ver de lejos presenta cambios.</li>\r\n	<li>Pacientes a los que se va a adaptar lentes de contacto.</li>\r\n	<li>Pacientes que tienen antecedentes familiares de queratocono.</li>\r\n</ol>\r\n', 'topografia-de-cornea-por-reflexion', 5, '2017-01-10 11:28:26', '2017-01-10 11:28:26');

-- --------------------------------------------------------

--
-- Estructura de tabla para la tabla `users`
--

CREATE TABLE IF NOT EXISTS `users` (
  `id` int(10) unsigned NOT NULL AUTO_INCREMENT,
  `name` varchar(255) COLLATE utf8_unicode_ci NOT NULL,
  `email` varchar(255) COLLATE utf8_unicode_ci NOT NULL,
  `password` varchar(60) COLLATE utf8_unicode_ci NOT NULL,
  `remember_token` varchar(100) COLLATE utf8_unicode_ci DEFAULT NULL,
  `created_at` timestamp NOT NULL DEFAULT '0000-00-00 00:00:00',
  `updated_at` timestamp NOT NULL DEFAULT '0000-00-00 00:00:00',
  `deleted_at` timestamp NULL DEFAULT NULL,
  PRIMARY KEY (`id`),
  UNIQUE KEY `users_email_unique` (`email`)
) ENGINE=InnoDB  DEFAULT CHARSET=utf8 COLLATE=utf8_unicode_ci AUTO_INCREMENT=3 ;

--
-- Volcado de datos para la tabla `users`
--

INSERT INTO `users` (`id`, `name`, `email`, `password`, `remember_token`, `created_at`, `updated_at`, `deleted_at`) VALUES
(2, 'Gabriel Rodríguez', 'web@hablemosdesalud.com.co', '$2y$10$ocxSd/KoGGbsEdKFkFuHsOk1SmEDoEXRWMkA79beuTYFeehVLzEHm', 'NULL', '2017-03-01 05:16:27', '2017-03-16 11:34:41', NULL);

--
-- Restricciones para tablas volcadas
--

--
-- Filtros para la tabla `images`
--
ALTER TABLE `images`
  ADD CONSTRAINT `images_post_id_foreign` FOREIGN KEY (`post_id`) REFERENCES `posts` (`id`) ON DELETE CASCADE ON UPDATE CASCADE;

--
-- Filtros para la tabla `posts`
--
ALTER TABLE `posts`
  ADD CONSTRAINT `posts_menu_id_foreign` FOREIGN KEY (`menu_id`) REFERENCES `menus` (`id`) ON DELETE CASCADE ON UPDATE CASCADE;

/*!40101 SET CHARACTER_SET_CLIENT=@OLD_CHARACTER_SET_CLIENT */;
/*!40101 SET CHARACTER_SET_RESULTS=@OLD_CHARACTER_SET_RESULTS */;
/*!40101 SET COLLATION_CONNECTION=@OLD_COLLATION_CONNECTION */;
